Rk,Player,Pos,Age,Tm,G,GS,MP,FG,FGA,FG%,3P,3PA,3P%,2P,2PA,2P%,eFG%,FT,FTA,FT%,ORB,DRB,TRB,AST,STL,BLK,TOV,PF,PTS,Player-additional
1,Precious Achiuwa,C,23,TOR,47,11,1004,161,340,0.474,21,85,0.247,140,255,0.549,0.504,81,116,0.698,86,194,280,46,26,27,52,92,424,achiupr01
2,Steven Adams,C,29,MEM,42,42,1133,157,263,0.597,0,1,0,157,262,0.599,0.597,47,129,0.364,214,271,485,97,36,46,79,98,361,adamsst01
3,Bam Adebayo,C,25,MIA,68,68,2389,563,1037,0.543,1,12,0.083,562,1025,0.548,0.543,305,380,0.803,165,471,636,223,81,59,176,195,1432,adebaba01
4,Ochai Agbaji,SG,22,UTA,48,11,878,112,245,0.457,60,157,0.382,52,88,0.591,0.58,29,38,0.763,33,57,90,37,12,8,23,76,313,agbajoc01
5,Santi Aldama,PF,22,MEM,68,18,1495,225,480,0.469,86,247,0.348,139,233,0.597,0.558,95,129,0.736,76,248,324,85,39,45,50,129,631,aldamsa01
6,Nickeil Alexander-Walker,SG,24,TOT,50,3,778,118,262,0.45,52,137,0.38,66,125,0.528,0.55,38,57,0.667,13,77,90,99,30,19,52,77,326,alexani01
6,Nickeil Alexander-Walker,SG,24,UTA,36,3,528,83,170,0.488,35,87,0.402,48,83,0.578,0.591,27,39,0.692,8,51,59,76,24,14,45,58,228,alexani01
6,Nickeil Alexander-Walker,SG,24,MIN,14,0,250,35,92,0.38,17,50,0.34,18,42,0.429,0.473,11,18,0.611,5,26,31,23,6,5,7,19,98,alexani01
7,Grayson Allen,SG,27,MIL,65,63,1809,226,512,0.441,133,334,0.398,93,178,0.522,0.571,104,115,0.904,57,159,216,150,52,12,68,109,689,allengr01
8,Jarrett Allen,C,24,CLE,63,63,2083,376,583,0.645,1,9,0.111,375,574,0.653,0.646,149,205,0.727,201,421,622,105,51,77,88,144,902,allenja01
9,Jose Alvarado,PG,24,NOP,61,10,1310,201,489,0.411,83,247,0.336,118,242,0.488,0.496,65,80,0.813,28,113,141,186,67,10,81,125,550,alvarjo01
10,Kyle Anderson,PF,29,MIN,60,44,1665,210,415,0.506,36,86,0.419,174,329,0.529,0.549,96,130,0.738,53,264,317,277,67,53,88,131,552,anderky01
11,Giannis Antetokounmpo,PF,28,MIL,56,56,1820,623,1142,0.546,45,156,0.288,578,986,0.586,0.565,459,707,0.649,126,538,664,312,41,45,219,179,1750,antetgi01
12,Thanasis Antetokounmpo,SF,30,MIL,28,0,112,6,22,0.273,0,5,0,6,17,0.353,0.273,4,8,0.5,9,19,28,4,2,3,8,13,16,antetth01
13,Cole Anthony,PG,22,ORL,53,3,1355,235,529,0.444,63,180,0.35,172,349,0.493,0.504,137,154,0.89,40,205,245,208,33,28,79,139,670,anthoco01
14,OG Anunoby,SF,25,TOR,58,58,2072,361,760,0.475,118,305,0.387,243,455,0.534,0.553,133,159,0.836,82,212,294,110,114,42,125,176,973,anunoog01
15,Ryan Arcidiacono,PG,28,TOT,16,1,87,6,17,0.353,5,10,0.5,1,7,0.143,0.5,0,0,,0,11,11,9,3,0,4,11,17,arcidry01
15,Ryan Arcidiacono,PG,28,POR,5,1,61,5,12,0.417,4,7,0.571,1,5,0.2,0.583,0,0,,0,7,7,7,1,0,3,8,14,arcidry01
15,Ryan Arcidiacono,PG,28,NYK,11,0,26,1,5,0.2,1,3,0.333,0,2,0,0.3,0,0,,0,4,4,2,2,0,1,3,3,arcidry01
16,Deni Avdija,SF,22,WAS,70,34,1818,216,505,0.428,61,206,0.296,155,299,0.518,0.488,112,148,0.757,71,369,440,178,59,28,101,193,605,avdijde01
17,Deandre Ayton,C,24,PHO,61,61,1857,487,827,0.589,7,24,0.292,480,803,0.598,0.593,136,181,0.751,161,458,619,111,34,47,111,173,1117,aytonde01
18,Udoka Azubuike,C,23,UTA,27,0,171,30,35,0.857,0,0,,30,35,0.857,0.857,3,10,0.3,18,46,64,7,5,8,11,16,63,azubuud01
19,Marvin Bagley III,C,23,DET,35,20,817,171,318,0.538,14,52,0.269,157,266,0.59,0.56,61,84,0.726,87,145,232,29,17,28,37,72,417,baglema01
20,Patrick Baldwin Jr.,SF,20,GSW,26,0,210,40,100,0.4,30,77,0.39,10,23,0.435,0.55,4,6,0.667,1,35,36,7,6,4,11,14,114,baldwpa01
21,LaMelo Ball,PG,21,CHO,36,36,1268,296,721,0.411,144,383,0.376,152,338,0.45,0.51,102,122,0.836,42,189,231,304,46,11,129,118,838,ballla01
22,Mo Bamba,C,24,TOT,47,7,762,116,238,0.487,48,123,0.39,68,115,0.591,0.588,41,62,0.661,56,165,221,46,13,42,30,103,321,bambamo01
22,Mo Bamba,C,24,ORL,40,6,681,106,214,0.495,43,108,0.398,63,106,0.594,0.596,35,51,0.686,47,137,184,42,12,38,22,86,290,bambamo01
22,Mo Bamba,C,24,LAL,7,1,81,10,24,0.417,5,15,0.333,5,9,0.556,0.521,6,11,0.545,9,28,37,4,1,4,8,17,31,bambamo01
23,Paolo Banchero,PF,20,ORL,66,66,2237,440,1032,0.426,74,262,0.282,366,770,0.475,0.462,363,487,0.745,75,365,440,243,57,33,180,148,1317,banchpa01
24,Desmond Bane,SG,24,MEM,49,49,1534,371,791,0.469,137,341,0.402,234,450,0.52,0.556,154,174,0.885,35,215,250,207,46,19,108,122,1033,banede01
25,Dalano Banton,PG,23,TOR,27,2,251,46,112,0.411,13,46,0.283,33,66,0.5,0.469,15,19,0.789,9,27,36,29,13,12,16,31,120,bantoda01
26,Dominick Barlow,SF,19,SAS,18,0,218,22,47,0.468,0,4,0,22,43,0.512,0.468,10,15,0.667,22,27,49,11,5,9,11,33,54,barlodo01
27,Harrison Barnes,PF,30,SAC,72,72,2355,326,693,0.47,119,318,0.374,207,375,0.552,0.556,304,359,0.847,70,267,337,114,48,10,78,95,1075,barneha02
28,Scottie Barnes,PF,21,TOR,69,68,2409,415,916,0.453,61,205,0.298,354,711,0.498,0.486,178,230,0.774,165,308,473,326,68,56,140,154,1069,barnesc01
29,RJ Barrett,SG,22,NYK,66,66,2244,465,1068,0.435,112,353,0.317,353,715,0.494,0.488,262,352,0.744,55,281,336,178,29,13,146,164,1304,barrerj01
30,Will Barton,SG,32,TOT,49,0,878,117,313,0.374,56,154,0.364,61,159,0.384,0.463,35,45,0.778,11,111,122,104,21,12,48,48,325,bartowi01
30,Will Barton,SG,32,WAS,40,0,782,110,285,0.386,52,138,0.377,58,147,0.395,0.477,35,45,0.778,10,101,111,95,17,10,45,39,307,bartowi01
30,Will Barton,SG,32,TOR,9,0,96,7,28,0.25,4,16,0.25,3,12,0.25,0.321,0,0,,1,10,11,9,4,2,3,9,18,bartowi01
31,Charles Bassey,C,22,SAS,35,2,508,87,135,0.644,3,8,0.375,84,127,0.661,0.656,22,37,0.595,75,118,193,48,16,33,41,74,199,bassech01
32,Keita Bates-Diop,SF,27,SAS,57,32,1192,182,360,0.506,40,104,0.385,142,256,0.555,0.561,88,112,0.786,58,141,199,80,39,16,44,56,492,bateske01
33,Nicolas Batum,PF,34,LAC,69,12,1498,138,334,0.413,103,272,0.379,35,62,0.565,0.567,30,44,0.682,59,215,274,102,45,41,46,136,409,batumni01
34,Darius Bazley,PF,22,TOT,39,1,579,74,166,0.446,19,49,0.388,55,117,0.47,0.503,37,67,0.552,30,98,128,34,20,31,23,39,204,bazleda01
34,Darius Bazley,PF,22,OKC,36,1,555,71,158,0.449,18,45,0.4,53,113,0.469,0.506,36,65,0.554,29,93,122,32,19,29,22,35,196,bazleda01
34,Darius Bazley,PF,22,PHO,3,0,24,3,8,0.375,1,4,0.25,2,4,0.5,0.438,1,2,0.5,1,5,6,2,1,2,1,4,8,bazleda01
35,Bradley Beal,SG,29,WAS,50,50,1673,444,878,0.506,80,219,0.365,364,659,0.552,0.551,192,228,0.842,41,155,196,271,45,33,145,107,1160,bealbr01
36,Malik Beasley,SG,26,TOT,71,27,1896,335,853,0.393,211,595,0.355,124,258,0.481,0.516,44,55,0.8,31,224,255,114,59,8,80,98,925,beaslma01
36,Malik Beasley,SG,26,UTA,55,13,1472,265,669,0.396,169,471,0.359,96,198,0.485,0.522,37,44,0.841,27,170,197,93,44,8,60,75,736,beaslma01
36,Malik Beasley,SG,26,LAL,16,14,424,70,184,0.38,42,124,0.339,28,60,0.467,0.495,7,11,0.636,4,54,58,21,15,0,20,23,189,beaslma01
37,MarJon Beauchamp,SF,22,MIL,42,9,578,80,206,0.388,38,120,0.317,42,86,0.488,0.481,21,29,0.724,34,58,92,26,18,4,37,60,219,beaucma01
38,D?vis Bert?ns,PF,30,DAL,40,0,433,57,136,0.419,46,120,0.383,11,16,0.688,0.588,10,12,0.833,8,33,41,20,10,6,10,49,170,bertada01
39,Patrick Beverley,PG,34,TOT,57,57,1565,125,307,0.407,71,205,0.346,54,102,0.529,0.523,44,61,0.721,42,172,214,164,48,35,55,167,365,beverpa01
39,Patrick Beverley,PG,34,LAL,45,45,1211,97,241,0.402,55,158,0.348,42,83,0.506,0.517,39,50,0.78,24,116,140,118,40,25,42,124,288,beverpa01
39,Patrick Beverley,PG,34,CHI,12,12,354,28,66,0.424,16,47,0.34,12,19,0.632,0.545,5,11,0.455,18,56,74,46,8,10,13,43,77,beverpa01
40,Saddiq Bey,SF,23,TOT,67,32,1876,300,724,0.414,132,361,0.366,168,363,0.463,0.506,195,228,0.855,78,229,307,98,60,13,63,109,927,beysa01
40,Saddiq Bey,SF,23,DET,52,30,1500,245,606,0.404,101,293,0.345,144,313,0.46,0.488,180,209,0.861,59,183,242,84,50,12,54,86,771,beysa01
40,Saddiq Bey,SF,23,ATL,15,2,376,55,118,0.466,31,68,0.456,24,50,0.48,0.597,15,19,0.789,19,46,65,14,10,1,9,23,156,beysa01
41,Khem Birch,C,30,TOR,20,0,162,19,32,0.594,1,2,0.5,18,30,0.6,0.609,4,5,0.8,8,17,25,7,5,5,8,24,43,birchkh01
42,Goga Bitadze,C,23,TOT,29,0,301,41,79,0.519,5,19,0.263,36,60,0.6,0.551,15,32,0.469,40,44,84,27,12,16,14,45,102,bitadgo01
42,Goga Bitadze,C,23,IND,21,0,202,27,52,0.519,4,14,0.286,23,38,0.605,0.558,11,24,0.458,25,24,49,18,9,10,12,34,69,bitadgo01
42,Goga Bitadze,C,23,ORL,8,0,99,14,27,0.519,1,5,0.2,13,22,0.591,0.537,4,8,0.5,15,20,35,9,3,6,2,11,33,bitadgo01
43,Bismack Biyombo,C,30,PHO,51,10,691,85,151,0.563,0,0,,85,151,0.563,0.563,17,54,0.315,56,144,200,45,15,64,44,91,187,biyombi01
44,Buddy Boeheim,PG,23,DET,7,0,69,4,23,0.174,4,22,0.182,0,1,0,0.261,2,2,1,2,2,4,3,2,0,0,4,14,boehebu01
45,Bogdan Bogdanovi?,SG,30,ATL,46,6,1301,234,533,0.439,126,310,0.406,108,223,0.484,0.557,57,70,0.814,18,125,143,130,37,16,58,77,651,bogdabo01
46,Bojan Bogdanovi?,PF,33,DET,59,59,1893,430,882,0.488,145,353,0.411,285,529,0.539,0.57,268,303,0.884,36,187,223,152,34,8,135,113,1273,bogdabo02
47,Bol Bol,PF,23,ORL,67,32,1431,250,442,0.566,29,99,0.293,221,343,0.644,0.598,76,100,0.76,66,321,387,61,27,82,106,88,605,bolbo01
48,Leandro Bolmaro,SG,22,UTA,14,0,68,3,20,0.15,0,4,0,3,16,0.188,0.15,0,0,,4,3,7,7,3,1,7,10,6,bolmale01
49,Devin Booker,SG,26,PHO,44,44,1518,453,913,0.496,99,269,0.368,354,644,0.55,0.55,228,271,0.841,39,159,198,241,40,16,112,131,1233,bookede01
50,Brandon Boston Jr.,SG,21,LAC,21,1,247,51,121,0.421,12,29,0.414,39,92,0.424,0.471,29,38,0.763,7,22,29,19,9,0,12,21,143,bostobr01
51,Chris Boucher,PF,30,TOR,66,0,1309,224,450,0.498,54,164,0.329,170,286,0.594,0.558,112,150,0.747,139,231,370,27,43,55,35,126,614,bouchch01
52,James Bouknight,SG,22,CHO,26,0,354,40,122,0.328,16,64,0.25,24,58,0.414,0.393,15,22,0.682,5,46,51,28,13,4,19,29,111,bouknja01
53,Jamaree Bouyea,PG,23,TOT,5,0,71,6,14,0.429,2,6,0.333,4,8,0.5,0.5,1,2,0.5,1,5,6,4,4,2,4,6,15,bouyeja01
53,Jamaree Bouyea,PG,23,MIA,4,0,65,6,13,0.462,2,5,0.4,4,8,0.5,0.538,1,2,0.5,1,4,5,4,4,2,4,5,15,bouyeja01
53,Jamaree Bouyea,PG,23,WAS,1,0,6,0,1,0,0,1,0,0,0,,0,0,0,,0,1,1,0,0,0,0,1,0,bouyeja01
54,Tony Bradley,C,25,CHI,12,0,33,6,12,0.5,3,5,0.6,3,7,0.429,0.625,4,4,1,1,10,11,1,1,1,1,2,19,bradlto01
55,Malaki Branham,SF,19,SAS,56,22,1283,208,477,0.436,64,206,0.311,144,271,0.531,0.503,44,54,0.815,26,119,145,111,29,7,66,98,524,branhma01
56,Christian Braun,SG,21,DEN,66,3,955,111,221,0.502,29,72,0.403,82,149,0.55,0.568,30,48,0.625,39,109,148,49,30,16,29,81,281,braunch01
57,Mikal Bridges,SF,26,TOT,73,73,2627,503,1067,0.471,144,367,0.392,359,700,0.513,0.539,247,276,0.895,71,248,319,243,80,57,108,144,1397,bridgmi01
57,Mikal Bridges,SF,26,PHO,56,56,2040,354,764,0.463,101,261,0.387,253,503,0.503,0.529,156,174,0.897,56,187,243,201,65,45,78,115,965,bridgmi01
57,Mikal Bridges,SF,26,BRK,17,17,587,149,303,0.492,43,106,0.406,106,197,0.538,0.563,91,102,0.892,15,61,76,42,15,12,30,29,432,bridgmi01
58,Oshae Brissett,SF,24,IND,56,1,916,104,262,0.397,43,135,0.319,61,127,0.48,0.479,76,108,0.704,52,138,190,33,29,11,24,70,327,brissos01
59,Malcolm Brogdon,PG,30,BOS,61,0,1573,312,647,0.482,121,268,0.451,191,379,0.504,0.576,142,162,0.877,37,220,257,220,39,16,91,99,887,brogdma01
60,Dillon Brooks,SF,27,MEM,65,65,1981,347,888,0.391,124,383,0.324,223,505,0.442,0.461,107,135,0.793,41,173,214,167,57,13,92,212,925,brookdi01
61,Bruce Brown,SG,26,DEN,71,28,1997,303,632,0.479,85,233,0.365,218,399,0.546,0.547,82,110,0.745,51,233,284,238,74,43,112,169,773,brownbr01
62,Greg Brown III,PF,21,POR,16,0,93,11,28,0.393,1,7,0.143,10,21,0.476,0.411,5,12,0.417,2,17,19,3,4,5,6,13,28,browngr01
63,Jaylen Brown,SF,26,BOS,61,61,2204,612,1244,0.492,154,448,0.344,458,796,0.575,0.554,253,327,0.774,74,344,418,207,71,26,177,163,1631,brownja02
64,Kendall Brown,SG,19,IND,6,0,40,4,7,0.571,0,1,0,4,6,0.667,0.571,1,2,0.5,2,4,6,3,4,0,2,9,9,brownke03
65,Moses Brown,C,23,LAC,34,1,288,61,96,0.635,0,0,,61,96,0.635,0.635,33,72,0.458,57,82,139,4,3,14,14,38,155,brownmo01
66,Sterling Brown,SG,27,LAL,4,0,24,0,4,0,0,2,0,0,2,0,0,0,0,,3,5,8,2,3,0,0,4,0,brownst02
67,Troy Brown Jr.,SF,23,LAL,66,42,1635,178,409,0.435,93,247,0.377,85,162,0.525,0.549,32,35,0.914,58,213,271,81,50,11,45,107,481,browntr01
68,Jalen Brunson,PG,26,NYK,64,64,2234,543,1116,0.487,123,298,0.413,420,818,0.513,0.542,312,373,0.836,37,189,226,395,57,15,127,144,1521,brunsja01
69,Thomas Bryant,C,25,TOT,55,25,1039,220,352,0.625,24,55,0.436,196,297,0.66,0.659,93,126,0.738,84,243,327,31,16,28,36,98,557,bryanth01
69,Thomas Bryant,C,25,LAL,41,25,876,197,301,0.654,22,50,0.44,175,251,0.697,0.691,80,108,0.741,67,212,279,29,14,23,28,77,496,bryanth01
69,Thomas Bryant,C,25,DEN,14,0,163,23,51,0.451,2,5,0.4,21,46,0.457,0.471,13,18,0.722,17,31,48,2,2,5,8,21,61,bryanth01
70,Reggie Bullock,SF,31,DAL,69,46,2108,170,417,0.408,134,351,0.382,36,66,0.545,0.568,26,37,0.703,32,219,251,98,52,13,32,152,500,bullore01
71,Alec Burks,SG,31,DET,51,8,1122,200,459,0.436,99,239,0.414,101,220,0.459,0.544,153,188,0.814,19,139,158,114,38,8,58,98,652,burksal01
72,Deonte Burton,SG,29,SAC,2,0,6,0,2,0,0,1,0,0,1,0,0,0,0,,0,0,0,0,0,0,0,0,0,burtode02
73,Jared Butler,SG,22,OKC,2,0,19,2,4,0.5,1,2,0.5,1,2,0.5,0.625,0,0,,0,1,1,4,3,0,2,3,5,butleja02
74,Jimmy Butler,SF,33,MIA,58,58,1932,427,806,0.53,31,93,0.333,396,713,0.555,0.549,430,504,0.853,138,215,353,294,108,21,96,74,1315,butleji01
75,John Butler,C,20,POR,9,0,30,1,5,0.2,0,4,0,1,1,1,0.2,0,0,,1,1,2,1,1,3,0,2,2,butlejo01
76,Jamal Cain,SF,23,MIA,15,0,186,26,50,0.52,2,12,0.167,24,38,0.632,0.54,12,16,0.75,12,27,39,9,8,0,4,15,66,cainja01
77,Kentavious Caldwell-Pope,SG,29,DEN,69,69,2188,272,576,0.472,127,293,0.433,145,283,0.512,0.582,92,110,0.836,31,156,187,171,101,31,78,135,763,caldwke01
78,Facundo Campazzo,PG,31,DAL,8,0,52,3,13,0.231,3,11,0.273,0,2,0,0.346,1,2,0.5,0,2,2,9,6,0,3,3,10,campafa01
79,Vlatko ?an?ar,PF,25,DEN,51,8,802,102,208,0.49,42,105,0.4,60,103,0.583,0.591,30,32,0.938,22,94,116,73,18,12,32,77,276,cancavl01
80,Clint Capela,C,28,ATL,56,54,1489,304,472,0.644,0,1,0,304,471,0.645,0.644,59,103,0.573,233,390,623,48,39,69,45,119,667,capelca01
81,Vernon Carey Jr.,C,21,WAS,11,0,28,2,8,0.25,0,0,,2,8,0.25,0.25,2,2,1,3,8,11,3,2,2,2,5,6,careyve01
82,Jevon Carter,PG,27,MIL,71,35,1580,208,486,0.428,120,286,0.42,88,200,0.44,0.551,29,36,0.806,31,151,182,170,64,27,72,142,565,carteje01
83,Wendell Carter Jr.,C,23,ORL,50,47,1507,288,549,0.525,67,193,0.347,221,356,0.621,0.586,135,180,0.75,113,331,444,120,23,29,103,145,778,cartewe01
84,Alex Caruso,PG,28,CHI,59,28,1417,114,256,0.445,48,133,0.361,66,123,0.537,0.539,56,69,0.812,36,141,177,179,92,38,73,144,332,carusal01
85,Julian Champagnie,SF,21,TOT,7,0,75,12,26,0.462,9,21,0.429,3,5,0.6,0.635,0,0,,2,14,16,2,1,1,3,7,33,champju02
85,Julian Champagnie,SF,21,SAS,5,0,68,12,24,0.5,9,20,0.45,3,4,0.75,0.688,0,0,,2,14,16,2,0,1,3,7,33,champju02
85,Julian Champagnie,SF,21,PHI,2,0,7,0,2,0,0,1,0,0,1,0,0,0,0,,0,0,0,0,1,0,0,0,0,champju02
86,Justin Champagnie,SF,21,TOR,3,0,11,3,3,1,0,0,,3,3,1,1,0,0,,1,3,4,1,0,0,0,1,6,champju01
87,Kennedy Chandler,PG,20,MEM,31,0,245,29,71,0.408,2,14,0.143,27,57,0.474,0.423,6,13,0.462,7,25,32,51,11,5,16,13,66,chandke01
88,Max Christie,SG,19,LAL,38,3,507,44,105,0.419,26,62,0.419,18,43,0.419,0.543,14,16,0.875,7,67,74,19,9,7,13,33,128,chrisma02
89,Josh Christopher,SG,21,HOU,54,1,622,117,256,0.457,19,73,0.26,98,183,0.536,0.494,39,50,0.78,15,46,61,54,23,12,49,53,292,chrisjo01
90,Brandon Clarke,PF,26,MEM,56,8,1090,229,349,0.656,1,6,0.167,228,343,0.665,0.658,99,137,0.723,92,218,310,72,34,37,55,131,558,clarkbr01
91,Jordan Clarkson,SG,30,UTA,61,61,1988,458,1031,0.444,155,459,0.338,303,572,0.53,0.519,200,245,0.816,72,174,246,270,33,13,186,120,1271,clarkjo01
92,Nic Claxton,C,23,BRK,67,67,1977,363,514,0.706,0,2,0,363,512,0.709,0.706,116,221,0.525,160,454,614,121,54,166,86,189,842,claxtni01
93,Amir Coffey,SG,25,LAC,45,9,593,54,141,0.383,10,38,0.263,44,103,0.427,0.418,46,59,0.78,17,35,52,51,7,3,18,50,164,coffeam01
94,John Collins,PF,25,ATL,62,62,1864,312,617,0.506,54,204,0.265,258,413,0.625,0.549,121,147,0.823,67,342,409,73,39,68,72,194,799,collijo01
95,Zach Collins,C,25,SAS,58,21,1303,250,480,0.521,49,127,0.386,201,353,0.569,0.572,100,129,0.775,107,257,364,163,33,42,117,183,649,colliza01
96,Mike Conley,PG,35,TOT,58,57,1749,218,519,0.42,112,298,0.376,106,221,0.48,0.528,111,132,0.841,28,127,155,409,64,13,93,115,659,conlemi01
96,Mike Conley,PG,35,UTA,43,42,1276,153,375,0.408,77,213,0.362,76,162,0.469,0.511,78,96,0.813,17,90,107,330,44,10,74,94,461,conlemi01
96,Mike Conley,PG,35,MIN,15,15,473,65,144,0.451,35,85,0.412,30,59,0.508,0.573,33,36,0.917,11,37,48,79,20,3,19,21,198,conlemi01
97,Pat Connaughton,SG,30,MIL,53,31,1301,147,381,0.386,98,292,0.336,49,89,0.551,0.514,27,41,0.659,41,211,252,69,36,9,29,57,419,connapa01
98,Xavier Cooks,PF,27,WAS,1,0,6,0,0,,0,0,,0,0,,,0,0,,1,1,2,0,0,0,1,0,0,cooksxa01
99,Robert Covington,PF,32,LAC,40,0,652,81,198,0.409,40,118,0.339,41,80,0.513,0.51,27,36,0.75,27,114,141,48,31,29,23,75,229,covinro01
100,Torrey Craig,SF,32,PHO,68,55,1728,191,432,0.442,87,223,0.39,104,209,0.498,0.543,31,43,0.721,132,249,381,106,46,49,69,159,500,craigto01
101,Jae Crowder,SF,32,MIL,11,0,206,22,46,0.478,13,33,0.394,9,13,0.692,0.62,9,11,0.818,11,35,46,15,5,4,4,16,66,crowdja01
102,Jarrett Culver,SG,23,ATL,10,1,137,17,43,0.395,1,12,0.083,16,31,0.516,0.407,9,13,0.692,10,28,38,6,6,2,7,14,44,culveja01
103,Cade Cunningham,PG,21,DET,12,12,400,93,224,0.415,17,61,0.279,76,163,0.466,0.453,36,43,0.837,12,62,74,72,10,7,39,34,239,cunnica01
104,Seth Curry,SG,32,BRK,54,7,1138,196,425,0.461,90,221,0.407,106,204,0.52,0.567,47,48,0.979,13,83,96,95,35,7,48,89,529,curryse01
105,Stephen Curry,PG,34,GSW,47,47,1633,471,946,0.498,234,541,0.433,237,405,0.585,0.622,225,246,0.915,33,259,292,291,45,17,157,104,1401,curryst01
106,Dyson Daniels,PG,19,NOP,50,11,930,75,179,0.419,22,74,0.297,53,105,0.505,0.48,23,37,0.622,30,133,163,122,38,11,52,90,195,daniedy01
107,Anthony Davis,C,29,LAL,46,44,1546,443,792,0.559,18,68,0.265,425,724,0.587,0.571,284,356,0.798,155,420,575,116,47,96,108,124,1188,davisan02
108,Johnny Davis,SG,20,WAS,18,0,123,16,39,0.41,1,9,0.111,15,30,0.5,0.423,4,7,0.571,2,15,17,4,1,2,4,18,37,davisjo06
109,Terence Davis,SG,25,SAC,57,4,757,137,316,0.434,78,208,0.375,59,108,0.546,0.557,32,39,0.821,19,113,132,61,40,12,47,96,384,daviste02
110,JD Davison,PG,20,BOS,8,0,19,3,11,0.273,0,3,0,3,8,0.375,0.273,0,0,,1,4,5,3,2,0,1,2,6,davisjd01
111,Darius Days,PF,23,HOU,4,0,25,5,12,0.417,3,10,0.3,2,2,1,0.542,2,2,1,1,5,6,1,0,1,0,2,15,daysda01
112,Dewayne Dedmon,C,33,TOT,33,0,364,68,133,0.511,11,37,0.297,57,96,0.594,0.553,32,46,0.696,28,86,114,18,8,14,20,64,179,dedmode01
112,Dewayne Dedmon,C,33,MIA,30,0,350,64,129,0.496,11,37,0.297,53,92,0.576,0.539,32,44,0.727,28,81,109,16,7,14,19,61,171,dedmode01
112,Dewayne Dedmon,C,33,PHI,3,0,14,4,4,1,0,0,,4,4,1,1,0,2,0,0,5,5,2,1,0,1,3,8,dedmode01
113,Matthew Dellavedova,PG,32,SAC,30,0,188,15,45,0.333,8,24,0.333,7,21,0.333,0.422,4,7,0.571,1,10,11,38,6,0,10,17,42,dellama01
114,DeMar DeRozan,SF,33,CHI,65,65,2389,597,1167,0.512,39,115,0.339,558,1052,0.53,0.528,420,483,0.87,31,277,308,330,72,33,140,172,1653,derozde01
115,Moussa Diabat�,PF,21,LAC,18,1,172,21,40,0.525,1,2,0.5,20,38,0.526,0.538,10,16,0.625,29,16,45,3,5,6,9,13,53,diabamo01
116,Mamadi Diakite,PF,26,CLE,18,2,120,13,33,0.394,4,15,0.267,9,18,0.5,0.455,0,0,,5,13,18,4,2,7,8,18,30,diakima01
117,Hamidou Diallo,SG,24,DET,56,0,996,215,375,0.573,5,21,0.238,210,354,0.593,0.58,87,148,0.588,57,137,194,55,53,16,71,124,522,diallha01
118,Gorgui Dieng,C,33,SAS,25,1,251,29,81,0.358,12,52,0.231,17,29,0.586,0.432,5,6,0.833,23,45,68,35,4,10,20,40,75,dienggo01
119,Ousmane Dieng,SF,19,OKC,29,0,451,60,144,0.417,23,79,0.291,37,65,0.569,0.497,10,17,0.588,14,69,83,32,11,6,17,34,153,diengou01
120,Spencer Dinwiddie,PG,29,TOT,70,70,2405,415,935,0.444,168,444,0.378,247,491,0.503,0.534,241,296,0.814,26,205,231,418,59,22,131,167,1239,dinwisp01
120,Spencer Dinwiddie,PG,29,DAL,53,53,1808,316,694,0.455,138,341,0.405,178,353,0.504,0.555,170,207,0.821,19,144,163,279,39,16,90,124,940,dinwisp01
120,Spencer Dinwiddie,PG,29,BRK,17,17,597,99,241,0.411,30,103,0.291,69,138,0.5,0.473,71,89,0.798,7,61,68,139,20,6,41,43,299,dinwisp01
121,Donte DiVincenzo,SG,26,GSW,63,28,1673,202,476,0.424,134,335,0.4,68,141,0.482,0.565,48,57,0.842,66,211,277,216,83,10,93,119,586,divindo01
122,Luka Don?i?,PG,23,DAL,57,57,2068,629,1257,0.5,158,453,0.349,471,804,0.586,0.563,463,629,0.736,48,443,491,458,83,28,209,148,1879,doncilu01
123,Tyler Dorsey,SG,26,DAL,3,0,8,4,5,0.8,1,2,0.5,3,3,1,0.9,0,0,,1,1,2,0,0,0,0,0,9,dorsety01
124,Luguentz Dort,SG,23,OKC,65,64,1981,305,766,0.398,123,362,0.34,182,404,0.45,0.478,172,220,0.782,99,185,284,142,65,20,83,210,905,dortlu01
125,Ayo Dosunmu,SG,23,CHI,69,50,1847,247,498,0.496,51,163,0.313,196,335,0.585,0.547,60,74,0.811,43,156,199,181,51,24,88,166,605,dosunay01
126,Devon Dotson,PG,23,WAS,6,0,53,1,10,0.1,1,4,0.25,0,6,0,0.15,0,0,,6,4,10,8,5,0,3,9,3,dotsode01
127,Jeff Dowtin,PG,25,TOR,18,0,159,19,43,0.442,3,11,0.273,16,32,0.5,0.477,3,4,0.75,6,11,17,17,4,1,5,10,44,dowtije01
128,PJ Dozier,SG,26,SAC,10,0,23,3,10,0.3,1,5,0.2,2,5,0.4,0.35,0,0,,0,6,6,0,3,1,2,2,7,doziepj01
129,Goran Dragi?,PG,36,CHI,51,0,787,127,299,0.425,45,128,0.352,82,171,0.48,0.5,27,41,0.659,13,56,69,139,11,4,56,63,326,dragigo01
130,Andre Drummond,C,29,CHI,58,0,734,142,234,0.607,0,2,0,142,232,0.612,0.607,56,104,0.538,117,261,378,31,38,20,67,109,340,drumman01
131,Chris Duarte,SF,25,IND,45,12,892,123,331,0.372,55,173,0.318,68,158,0.43,0.455,61,72,0.847,19,96,115,63,24,9,40,65,362,duartch01
132,David Duke Jr.,SG,23,BRK,18,0,173,28,61,0.459,1,8,0.125,27,53,0.509,0.467,5,9,0.556,8,12,20,16,7,1,14,27,62,dukeda01
133,Kris Dunn,PG,28,UTA,11,0,251,52,100,0.52,10,22,0.455,42,78,0.538,0.57,15,18,0.833,6,41,47,59,15,6,15,33,129,dunnkr01
134,Kevin Durant,PF-SF,34,TOT,42,42,1501,439,776,0.566,78,202,0.386,361,574,0.629,0.616,282,303,0.931,15,269,284,218,33,61,142,97,1238,duranke01
134,Kevin Durant,PF,34,BRK,39,39,1403,410,734,0.559,71,189,0.376,339,545,0.622,0.607,267,286,0.934,14,248,262,207,32,57,136,92,1158,duranke01
134,Kevin Durant,SF,34,PHO,3,3,98,29,42,0.69,7,13,0.538,22,29,0.759,0.774,15,17,0.882,1,21,22,11,1,4,6,5,80,duranke01
135,Jalen Duren,C,19,DET,58,27,1424,213,336,0.634,0,2,0,213,334,0.638,0.634,79,128,0.617,197,310,507,65,36,53,74,154,505,durenja01
136,Tari Eason,PF,21,HOU,72,5,1497,257,563,0.456,52,148,0.351,205,415,0.494,0.503,97,131,0.74,163,259,422,71,84,42,85,163,663,easonta01
137,Anthony Edwards,SG,21,MIN,71,71,2558,636,1380,0.461,193,520,0.371,443,860,0.515,0.531,290,378,0.767,39,378,417,315,114,51,237,172,1755,edwaran01
138,Kessler Edwards,SF,22,TOT,25,4,250,24,62,0.387,12,37,0.324,12,25,0.48,0.484,7,10,0.7,16,23,39,11,5,3,9,24,67,edwarke02
138,Kessler Edwards,SF,22,SAC,11,3,171,18,38,0.474,10,25,0.4,8,13,0.615,0.605,6,8,0.75,10,15,25,9,2,2,5,21,52,edwarke02
138,Kessler Edwards,SF,22,BRK,14,1,79,6,24,0.25,2,12,0.167,4,12,0.333,0.292,1,2,0.5,6,8,14,2,3,1,4,3,15,edwarke02
139,Keon Ellis,SG,23,SAC,13,0,50,7,13,0.538,6,10,0.6,1,3,0.333,0.769,2,3,0.667,4,4,8,4,3,1,1,9,22,elliske01
140,Joel Embiid,C,28,PHI,58,58,2030,647,1186,0.546,61,174,0.351,586,1012,0.579,0.571,591,691,0.855,105,490,595,238,62,102,201,186,1946,embiijo01
141,Drew Eubanks,C,25,POR,69,20,1356,174,255,0.682,3,7,0.429,171,248,0.69,0.688,68,103,0.66,110,242,352,84,32,79,54,150,419,eubandr01
142,Bruno Fernando,C,24,TOT,35,4,374,50,97,0.515,0,1,0,50,96,0.521,0.515,30,44,0.682,49,75,124,31,6,31,22,69,130,fernabr01
142,Bruno Fernando,C,24,HOU,31,4,364,48,93,0.516,0,1,0,48,92,0.522,0.516,30,44,0.682,48,74,122,30,6,31,20,68,126,fernabr01
142,Bruno Fernando,C,24,ATL,4,0,10,2,4,0.5,0,0,,2,4,0.5,0.5,0,0,,1,1,2,1,0,0,2,1,4,fernabr01
143,Dorian Finney-Smith,PF,29,TOT,58,58,1799,171,437,0.391,100,301,0.332,71,136,0.522,0.506,39,52,0.75,97,175,272,89,51,27,54,127,481,finnedo01
143,Dorian Finney-Smith,PF,29,DAL,40,40,1288,129,310,0.416,77,217,0.355,52,93,0.559,0.54,30,40,0.75,67,121,188,59,38,20,36,80,365,finnedo01
143,Dorian Finney-Smith,PF,29,BRK,18,18,511,42,127,0.331,23,84,0.274,19,43,0.442,0.421,9,12,0.75,30,54,84,30,13,7,18,47,116,finnedo01
144,Malachi Flynn,PG,24,TOR,46,1,598,75,206,0.364,42,115,0.365,33,91,0.363,0.466,17,24,0.708,15,53,68,65,18,3,19,56,209,flynnma01
145,Simone Fontecchio,SF,27,UTA,42,2,530,74,206,0.359,45,134,0.336,29,72,0.403,0.468,29,36,0.806,23,34,57,31,11,8,28,43,222,fontesi01
146,Bryn Forbes,SG,29,MIN,25,0,268,30,83,0.361,14,46,0.304,16,37,0.432,0.446,15,15,1,4,11,15,17,7,2,12,22,89,forbebr01
147,Trent Forrest,PG,24,ATL,19,3,242,24,50,0.48,0,2,0,24,48,0.5,0.48,2,3,0.667,5,24,29,31,6,2,11,16,50,forretr01
148,Michael Foster Jr.,PF,20,PHI,1,0,1,0,0,,0,0,,0,0,,,0,0,,0,0,0,0,0,0,0,0,0,fostemi02
149,Evan Fournier,SG,30,NYK,23,7,414,53,151,0.351,33,102,0.324,20,49,0.408,0.46,18,21,0.857,4,41,45,35,14,3,19,43,157,fournev01
150,De'Aaron Fox,PG,25,SAC,65,65,2207,614,1189,0.516,110,322,0.342,504,867,0.581,0.563,310,403,0.769,33,241,274,398,77,20,168,160,1648,foxde01
151,Markelle Fultz,PG,24,ORL,52,52,1564,302,593,0.509,22,73,0.301,280,520,0.538,0.528,107,135,0.793,66,148,214,294,80,21,126,119,733,fultzma01
152,Wenyen Gabriel,PF,25,LAL,58,2,891,142,237,0.599,9,31,0.29,133,206,0.646,0.618,46,73,0.63,107,143,250,30,21,31,39,128,339,gabriwe01
153,Daniel Gafford,C,24,WAS,70,39,1386,245,329,0.745,0,0,,245,329,0.745,0.745,106,161,0.658,139,233,372,72,31,88,71,159,596,gaffoda01
154,Darius Garland,PG,23,CLE,63,63,2214,480,1020,0.471,160,385,0.416,320,635,0.504,0.549,257,301,0.854,26,144,170,492,80,7,184,133,1377,garlada01
155,Usman Garuba,PF,20,HOU,65,1,853,80,154,0.519,24,47,0.511,56,107,0.523,0.597,26,44,0.591,105,172,277,57,40,26,43,111,210,garubus01
156,Luka Garza,C,24,MIN,26,0,235,61,111,0.55,14,38,0.368,47,73,0.644,0.613,41,52,0.788,31,29,60,18,3,2,13,41,177,garzalu01
157,Rudy Gay,PF,36,UTA,55,0,806,107,282,0.379,31,126,0.246,76,156,0.487,0.434,41,47,0.872,33,129,162,56,19,18,37,68,286,gayru01
158,Paul George,SG,32,LAC,56,56,1939,459,1004,0.457,158,426,0.371,301,578,0.521,0.536,256,294,0.871,45,297,342,288,83,20,176,159,1332,georgpa01
159,Taj Gibson,C,37,WAS,45,2,431,60,110,0.545,4,19,0.211,56,91,0.615,0.564,26,38,0.684,30,58,88,32,14,11,22,78,150,gibsota01
160,Josh Giddey,SG,20,OKC,67,67,2066,465,962,0.483,62,193,0.321,403,769,0.524,0.516,88,117,0.752,133,390,523,411,51,27,194,131,1080,giddejo01
161,Shai Gilgeous-Alexander,PG,24,OKC,61,61,2171,636,1247,0.51,53,152,0.349,583,1095,0.532,0.531,590,653,0.904,54,240,294,334,102,60,177,167,1915,gilgesh01
162,Anthony Gill,PF,30,WAS,49,5,479,55,95,0.579,3,22,0.136,52,73,0.712,0.595,40,49,0.816,29,46,75,23,6,11,11,58,153,gillan01
163,Rudy Gobert,C,30,MIN,61,61,1869,326,488,0.668,0,3,0,326,485,0.672,0.668,194,300,0.647,197,502,699,66,50,86,105,182,846,goberru01
164,Jordan Goodwin,PG,24,WAS,52,4,877,114,253,0.451,29,81,0.358,85,172,0.494,0.508,40,54,0.741,46,114,160,122,47,22,43,82,297,goodwjo01
165,Aaron Gordon,PF,27,DEN,60,60,1807,383,662,0.579,54,152,0.355,329,510,0.645,0.619,178,287,0.62,144,253,397,176,46,44,89,113,998,gordoaa01
166,Eric Gordon,SG,34,TOT,61,50,1784,261,589,0.443,112,310,0.361,149,279,0.534,0.538,130,160,0.813,15,105,120,168,39,24,93,70,764,gordoer01
166,Eric Gordon,SG,34,HOU,47,47,1418,210,478,0.439,85,245,0.347,125,233,0.536,0.528,110,135,0.815,12,85,97,136,30,17,83,45,615,gordoer01
166,Eric Gordon,SG,34,LAC,14,3,366,51,111,0.459,27,65,0.415,24,46,0.522,0.581,20,25,0.8,3,20,23,32,9,7,10,25,149,gordoer01
167,Devonte' Graham,PG,27,TOT,67,6,1202,149,390,0.382,111,307,0.362,38,83,0.458,0.524,88,116,0.759,19,91,110,177,39,15,46,71,497,grahade01
167,Devonte' Graham,PG,27,NOP,53,0,811,85,231,0.368,66,190,0.347,19,41,0.463,0.511,44,59,0.746,12,60,72,116,30,10,27,48,280,grahade01
167,Devonte' Graham,PG,27,SAS,14,6,391,64,159,0.403,45,117,0.385,19,42,0.452,0.544,44,57,0.772,7,31,38,61,9,5,19,23,217,grahade01
168,Jerami Grant,PF,28,POR,63,63,2246,434,913,0.475,144,359,0.401,290,554,0.523,0.554,278,342,0.813,53,230,283,150,51,53,116,152,1290,grantje01
169,A.J. Green,SG,23,MIL,32,0,302,48,109,0.44,39,91,0.429,9,18,0.5,0.619,4,4,1,5,33,38,19,6,0,9,29,139,greenaj01
170,Danny Green,SG,35,TOT,9,0,88,9,23,0.391,8,18,0.444,1,5,0.2,0.565,1,1,1,2,5,7,2,3,1,6,10,27,greenda02
170,Danny Green,SG,35,CLE,6,0,45,6,12,0.5,5,10,0.5,1,2,0.5,0.708,1,1,1,1,2,3,0,2,1,3,4,18,greenda02
170,Danny Green,SG,35,MEM,3,0,43,3,11,0.273,3,8,0.375,0,3,0,0.409,0,0,,1,3,4,2,1,0,3,6,9,greenda02
171,Draymond Green,PF,32,GSW,64,64,2015,215,407,0.528,36,110,0.327,179,297,0.603,0.572,69,98,0.704,55,414,469,432,61,49,166,196,535,greendr01
172,Jalen Green,SG,20,HOU,66,66,2251,488,1186,0.411,166,494,0.336,322,692,0.465,0.481,305,386,0.79,38,219,257,234,51,18,183,118,1447,greenja05
173,JaMychal Green,PF,32,GSW,53,1,759,127,239,0.531,40,107,0.374,87,132,0.659,0.615,49,64,0.766,68,128,196,50,24,22,52,102,343,greenja01
174,Javonte Green,SG,29,CHI,29,1,458,61,104,0.587,13,34,0.382,48,70,0.686,0.649,29,43,0.674,25,58,83,23,23,20,20,48,164,greenja02
175,Jeff Green,PF,36,DEN,48,3,925,140,281,0.498,23,82,0.28,117,199,0.588,0.539,67,92,0.728,32,90,122,56,17,15,42,86,370,greenje02
176,Josh Green,SG,22,DAL,52,19,1335,186,347,0.536,62,153,0.405,124,194,0.639,0.625,64,89,0.719,48,105,153,93,37,4,63,141,498,greenjo02
177,AJ Griffin,SF,19,ATL,64,11,1240,223,475,0.469,88,231,0.381,135,244,0.553,0.562,38,42,0.905,31,104,135,61,40,9,36,78,572,griffaj01
178,Blake Griffin,C,33,BOS,34,14,488,58,118,0.492,20,58,0.345,38,60,0.633,0.576,16,26,0.615,37,89,126,44,12,6,16,66,152,griffbl01
179,Quentin Grimes,SG,22,NYK,62,57,1798,212,473,0.448,114,317,0.36,98,156,0.628,0.569,64,81,0.79,41,150,191,116,36,26,62,154,602,grimequ01
180,Rui Hachimura,PF,24,TOT,54,9,1288,251,518,0.485,49,143,0.343,202,375,0.539,0.532,79,106,0.745,43,194,237,49,17,21,48,59,630,hachiru01
180,Rui Hachimura,PF,24,WAS,30,0,728,158,324,0.488,30,89,0.337,128,235,0.545,0.534,44,58,0.759,19,109,128,35,11,12,36,39,390,hachiru01
180,Rui Hachimura,PF,24,LAL,24,9,560,93,194,0.479,19,54,0.352,74,140,0.529,0.528,35,48,0.729,24,85,109,14,6,9,12,20,240,hachiru01
181,Tyrese Haliburton,PG,22,IND,54,54,1822,398,815,0.488,158,392,0.403,240,423,0.567,0.585,167,192,0.87,32,166,198,563,89,24,135,66,1121,halibty01
182,Jordan Hall,SF,21,SAS,9,0,83,9,28,0.321,3,15,0.2,6,13,0.462,0.375,7,9,0.778,3,9,12,11,1,0,7,6,28,halljo02
183,R.J. Hampton,PG,21,TOT,38,1,575,77,176,0.438,31,82,0.378,46,94,0.489,0.526,46,59,0.78,15,49,64,47,24,5,34,34,231,hamptrj01
183,R.J. Hampton,PG,21,ORL,26,0,361,50,114,0.439,18,53,0.34,32,61,0.525,0.518,31,37,0.838,9,30,39,34,16,4,21,22,149,hamptrj01
183,R.J. Hampton,PG,21,DET,12,1,214,27,62,0.435,13,29,0.448,14,33,0.424,0.54,15,22,0.682,6,19,25,13,8,1,13,12,82,hamptrj01
184,Tim Hardaway Jr.,SG,30,DAL,65,40,1960,303,775,0.391,190,505,0.376,113,270,0.419,0.514,113,148,0.764,21,210,231,113,48,10,55,105,909,hardati02
185,James Harden,PG,33,PHI,53,53,1958,342,776,0.441,149,388,0.384,193,388,0.497,0.537,300,346,0.867,36,300,336,575,64,28,179,102,1133,hardeja01
186,Jaden Hardy,SG,20,DAL,38,3,529,104,246,0.423,43,115,0.374,61,131,0.466,0.51,60,71,0.845,6,56,62,43,12,4,36,50,311,hardyja02
187,Ron Harper Jr.,SF,22,TOR,4,0,14,4,7,0.571,2,4,0.5,2,3,0.667,0.714,0,0,,1,1,2,0,0,0,0,0,10,harpero02
188,Montrezl Harrell,C,29,PHI,51,7,626,112,186,0.602,0,2,0,112,184,0.609,0.602,59,85,0.694,60,80,140,31,16,25,31,74,283,harremo01
189,Gary Harris,SG,28,ORL,42,36,1050,126,274,0.46,85,193,0.44,41,81,0.506,0.615,27,30,0.9,19,67,86,50,42,10,27,80,364,harriga01
190,Joe Harris,SG,31,BRK,65,33,1396,180,395,0.456,123,291,0.423,57,104,0.548,0.611,15,24,0.625,23,126,149,92,31,13,39,136,498,harrijo01
191,Kevon Harris,SG,25,ORL,31,0,383,34,83,0.41,11,30,0.367,23,53,0.434,0.476,22,27,0.815,25,34,59,13,16,4,16,44,101,harrike01
192,Tobias Harris,PF,30,PHI,66,66,2183,384,771,0.498,115,296,0.389,269,475,0.566,0.573,95,109,0.872,63,321,384,161,65,38,81,134,978,harrito02
193,Josh Hart,SF-SG,27,TOT,67,51,2190,246,467,0.527,54,148,0.365,192,319,0.602,0.585,119,160,0.744,127,402,529,263,76,15,104,176,665,hartjo01
193,Josh Hart,SF,27,POR,51,51,1704,183,363,0.504,34,112,0.304,149,251,0.594,0.551,87,119,0.731,95,322,417,200,54,9,79,133,487,hartjo01
193,Josh Hart,SG,27,NYK,16,0,486,63,104,0.606,20,36,0.556,43,68,0.632,0.702,32,41,0.78,32,80,112,63,22,6,25,43,178,hartjo01
194,Isaiah Hartenstein,C,24,NYK,73,7,1432,151,292,0.517,8,36,0.222,143,256,0.559,0.531,44,59,0.746,198,289,487,73,43,55,58,188,354,harteis01
195,Udonis Haslem,C,42,MIA,6,1,46,1,12,0.083,0,2,0,1,10,0.1,0.083,1,2,0.5,4,4,8,0,1,1,0,8,3,hasleud01
196,Sam Hauser,PF,25,BOS,71,4,1098,151,336,0.449,118,284,0.415,33,52,0.635,0.625,12,17,0.706,33,142,175,52,23,19,24,91,432,hausesa01
197,Jaxson Hayes,C,22,NOP,44,2,601,85,152,0.559,3,27,0.111,82,125,0.656,0.569,58,83,0.699,39,90,129,34,20,19,30,67,231,hayesja02
198,Killian Hayes,PG,21,DET,67,47,1838,264,705,0.374,71,250,0.284,193,455,0.424,0.425,61,76,0.803,22,161,183,413,92,24,149,194,660,hayeski01
199,Gordon Hayward,SF,32,CHO,47,47,1482,254,540,0.47,49,152,0.322,205,388,0.528,0.516,117,146,0.801,32,171,203,187,41,12,93,68,674,haywago01
200,Juancho Hernang�mez,PF,27,TOR,42,10,614,48,114,0.421,17,67,0.254,31,47,0.66,0.496,9,16,0.563,27,96,123,25,16,6,15,43,122,hernaju01
201,Willy Hernang�mez,C,28,NOP,35,2,446,86,163,0.528,3,11,0.273,83,152,0.546,0.537,81,104,0.779,57,117,174,32,16,13,38,61,256,hernawi01
202,Tyler Herro,SG,23,MIA,59,59,2085,430,991,0.434,179,478,0.374,251,513,0.489,0.524,153,165,0.927,26,308,334,253,46,16,147,96,1192,herroty01
203,Buddy Hield,SF,30,IND,72,72,2283,438,958,0.457,265,624,0.425,173,334,0.518,0.596,93,113,0.823,62,298,360,195,84,22,126,142,1234,hieldbu01
204,Haywood Highsmith,SF,26,MIA,48,9,877,85,196,0.434,36,102,0.353,49,94,0.521,0.526,12,26,0.462,50,119,169,34,34,15,35,72,218,highsha01
205,George Hill,PG,36,TOT,41,1,767,70,153,0.458,28,86,0.326,42,67,0.627,0.549,36,48,0.75,14,65,79,99,23,6,32,48,204,hillge01
205,George Hill,PG,36,MIL,35,0,668,59,132,0.447,23,74,0.311,36,58,0.621,0.534,34,46,0.739,13,54,67,89,19,3,27,41,175,hillge01
205,George Hill,PG,36,IND,6,1,99,11,21,0.524,5,12,0.417,6,9,0.667,0.643,2,2,1,1,11,12,10,4,3,5,7,29,hillge01
206,Malcolm Hill,SF,27,CHI,5,0,9,2,4,0.5,1,3,0.333,1,1,1,0.625,0,0,,0,3,3,0,0,0,0,1,5,hillma01
207,Aaron Holiday,PG,26,ATL,55,5,751,81,192,0.422,31,76,0.408,50,116,0.431,0.503,24,28,0.857,21,46,67,70,27,10,31,72,217,holidaa01
208,Jrue Holiday,PG,32,MIL,59,57,1948,429,910,0.471,140,371,0.377,289,539,0.536,0.548,137,159,0.862,68,232,300,431,69,24,173,106,1135,holidjr01
209,Justin Holiday,SG,33,TOT,39,2,605,67,171,0.392,43,122,0.352,24,49,0.49,0.518,0,2,0,4,38,42,36,16,18,20,56,177,holidju01
209,Justin Holiday,SG,33,ATL,28,0,411,48,125,0.384,30,87,0.345,18,38,0.474,0.504,0,0,,2,21,23,25,5,10,12,37,126,holidju01
209,Justin Holiday,SG,33,DAL,11,2,194,19,46,0.413,13,35,0.371,6,11,0.545,0.554,0,2,0,2,17,19,11,11,8,8,19,51,holidju01
210,Richaun Holmes,C,29,SAC,36,1,310,49,71,0.69,4,5,0.8,45,66,0.682,0.718,14,17,0.824,25,48,73,5,3,11,14,46,116,holmeri01
211,Al Horford,C,36,BOS,57,57,1761,209,428,0.488,130,283,0.459,79,145,0.545,0.64,15,21,0.714,67,284,351,166,28,52,31,109,563,horfoal01
212,Talen Horton-Tucker,SG,22,UTA,57,12,1066,195,467,0.418,45,160,0.281,150,307,0.489,0.466,90,117,0.769,28,143,171,192,36,27,103,94,525,hortota01
213,Danuel House Jr.,SF,29,PHI,47,4,667,70,144,0.486,31,87,0.356,39,57,0.684,0.594,31,44,0.705,8,71,79,34,10,9,22,56,202,houseda01
214,Caleb Houstan,SF,20,ORL,43,2,646,53,137,0.387,36,99,0.364,17,38,0.447,0.518,11,13,0.846,28,59,87,20,8,3,13,60,153,houstca01
215,Trevor Hudgins,PG,23,HOU,5,0,28,2,9,0.222,2,8,0.25,0,1,0,0.333,3,3,1,0,0,0,3,0,0,1,1,9,hudgitr01
216,Kevin Huerter,SG,24,SAC,66,66,1952,363,746,0.487,180,441,0.408,183,305,0.6,0.607,84,118,0.712,37,175,212,193,70,19,88,160,990,huertke01
217,Jay Huff,C,24,WAS,2,0,9,1,1,1,0,0,,1,1,1,1,3,3,1,0,3,3,0,0,0,2,1,5,huffja01
218,De'Andre Hunter,SF,25,ATL,62,62,1978,350,758,0.462,95,266,0.357,255,492,0.518,0.524,166,202,0.822,41,221,262,89,32,17,77,183,961,huntede01
219,Bones Hyland,PG,22,TOT,47,1,891,184,471,0.391,96,259,0.371,88,212,0.415,0.493,79,92,0.859,16,88,104,133,31,13,70,82,543,hylanbo01
219,Bones Hyland,PG,22,DEN,42,1,820,173,434,0.399,91,241,0.378,82,193,0.425,0.503,71,82,0.866,10,76,86,125,28,13,67,66,508,hylanbo01
219,Bones Hyland,PG,22,LAC,5,0,71,11,37,0.297,5,18,0.278,6,19,0.316,0.365,8,10,0.8,6,12,18,8,3,0,3,16,35,hylanbo01
220,Serge Ibaka,C,33,MIL,16,0,185,26,54,0.481,6,18,0.333,20,36,0.556,0.537,8,13,0.615,15,29,44,4,2,7,11,23,66,ibakase01
221,Andre Iguodala,SF,39,GSW,8,0,113,7,15,0.467,1,9,0.111,6,6,1,0.5,2,3,0.667,3,14,17,19,4,3,9,11,17,iguodan01
222,Joe Ingles,SF,35,MIL,37,0,855,90,207,0.435,67,166,0.404,23,41,0.561,0.597,16,19,0.842,12,106,118,119,25,5,45,67,263,inglejo01
223,Brandon Ingram,SF,25,NOP,35,35,1160,299,628,0.476,55,137,0.401,244,491,0.497,0.52,169,194,0.871,14,156,170,177,23,15,115,92,822,ingrabr01
224,Kyrie Irving,PG,30,TOT,53,53,1966,530,1077,0.492,173,453,0.382,357,624,0.572,0.572,220,244,0.902,52,218,270,290,55,39,119,150,1453,irvinky01
224,Kyrie Irving,PG,30,BRK,40,40,1478,398,819,0.486,130,348,0.374,268,471,0.569,0.565,158,179,0.883,38,166,204,211,41,33,91,109,1084,irvinky01
224,Kyrie Irving,PG,30,DAL,13,13,488,132,258,0.512,43,105,0.41,89,153,0.582,0.595,62,65,0.954,14,52,66,79,14,6,28,41,369,irvinky01
225,Jonathan Isaac,PF,25,ORL,11,0,124,22,53,0.415,6,15,0.4,16,38,0.421,0.472,5,9,0.556,15,29,44,6,14,4,4,5,55,isaacjo01
226,Jaden Ivey,SG,20,DET,65,64,1976,337,822,0.41,95,287,0.331,242,535,0.452,0.468,229,315,0.727,65,187,252,318,54,17,192,205,998,iveyja01
227,Frank Jackson,PG,24,UTA,1,0,5,0,3,0,0,1,0,0,2,0,0,0,0,,1,1,2,1,0,0,0,0,0,jacksfr01
228,Isaiah Jackson,C,21,IND,53,7,818,141,247,0.571,2,12,0.167,139,235,0.591,0.575,76,117,0.65,86,134,220,44,24,78,41,118,360,jacksis01
229,Jaren Jackson Jr.,C,23,MEM,54,54,1512,339,683,0.496,83,243,0.342,256,440,0.582,0.557,193,248,0.778,90,265,355,48,55,165,83,191,954,jacksja02
230,Justin Jackson,SF,27,BOS,23,0,107,7,27,0.259,5,20,0.25,2,7,0.286,0.352,1,2,0.5,2,15,17,9,4,4,2,7,20,jacksju01
231,Quenton Jackson,PG,24,WAS,3,0,8,2,3,0.667,1,2,0.5,1,1,1,0.833,0,0,,1,0,1,1,0,0,0,1,5,jacksqu01
232,Reggie Jackson,PG,32,TOT,62,38,1524,236,582,0.405,88,257,0.342,148,325,0.455,0.481,67,74,0.905,24,106,130,213,43,6,107,105,627,jacksre01
232,Reggie Jackson,PG,32,LAC,52,38,1338,214,512,0.418,77,220,0.35,137,292,0.469,0.493,61,66,0.924,22,94,116,183,38,5,96,92,566,jacksre01
232,Reggie Jackson,PG,32,DEN,10,0,186,22,70,0.314,11,37,0.297,11,33,0.333,0.393,6,8,0.75,2,12,14,30,5,1,11,13,61,jacksre01
233,LeBron James,PF,38,LAL,47,47,1695,532,1061,0.501,100,325,0.308,432,736,0.587,0.549,224,295,0.759,57,339,396,326,44,26,147,79,1388,jamesle01
234,Ty Jerome,SG,25,GSW,44,2,814,118,242,0.488,35,90,0.389,83,152,0.546,0.56,38,41,0.927,7,71,78,135,23,5,30,64,309,jeromty01
235,Isaiah Joe,SG,23,OKC,64,8,1168,193,424,0.455,144,336,0.429,49,88,0.557,0.625,55,67,0.821,22,128,150,73,39,8,30,90,585,joeis01
236,Alize Johnson,PF,26,SAS,4,0,30,3,6,0.5,0,2,0,3,4,0.75,0.5,1,2,0.5,2,8,10,1,1,0,4,3,7,johnsal02
237,Cameron Johnson,PF,26,TOT,33,32,928,168,373,0.45,83,210,0.395,85,163,0.521,0.562,81,99,0.818,24,119,143,56,38,11,24,64,500,johnsca02
237,Cameron Johnson,PF,26,BRK,16,16,499,86,200,0.43,38,111,0.342,48,89,0.539,0.525,54,66,0.818,10,68,78,30,23,5,14,35,264,johnsca02
237,Cameron Johnson,PF,26,PHO,17,16,429,82,173,0.474,45,99,0.455,37,74,0.5,0.604,27,33,0.818,14,51,65,26,15,6,10,29,236,johnsca02
238,Jalen Johnson,SF,21,ATL,64,6,925,131,273,0.48,26,89,0.292,105,184,0.571,0.527,43,66,0.652,47,203,250,65,29,27,31,97,331,johnsja05
239,James Johnson,PF,35,IND,14,1,124,14,35,0.4,3,12,0.25,11,23,0.478,0.443,4,6,0.667,2,19,21,10,4,6,5,27,35,johnsja01
240,Keldon Johnson,SF,23,SAS,60,60,1969,475,1055,0.45,127,387,0.328,348,668,0.521,0.51,232,308,0.753,52,250,302,171,44,11,130,121,1309,johnske04
241,Keon Johnson,SG,20,POR,37,0,337,52,145,0.359,22,66,0.333,30,79,0.38,0.434,17,28,0.607,9,29,38,42,15,6,34,37,143,johnske07
242,Stanley Johnson,SF,26,SAS,30,0,469,65,122,0.533,18,40,0.45,47,82,0.573,0.607,26,39,0.667,22,73,95,67,16,6,33,48,174,johnsst04
243,Nikola Joki?,C,27,DEN,64,64,2172,607,957,0.634,54,137,0.394,553,820,0.674,0.662,315,385,0.818,156,606,762,634,79,42,227,165,1583,jokicni01
244,Carlik Jones,PG,25,CHI,2,0,23,1,5,0.2,0,1,0,1,4,0.25,0.2,1,4,0.25,1,2,3,2,0,0,1,1,3,jonesca03
245,Damian Jones,C,27,TOT,31,1,304,34,55,0.618,3,6,0.5,31,49,0.633,0.645,19,25,0.76,27,54,81,9,4,19,14,37,90,jonesda03
245,Damian Jones,C,27,LAL,22,1,176,20,37,0.541,0,3,0,20,34,0.588,0.541,15,20,0.75,18,37,55,4,3,12,9,17,55,jonesda03
245,Damian Jones,C,27,UTA,9,0,128,14,18,0.778,3,3,1,11,15,0.733,0.861,4,5,0.8,9,17,26,5,1,7,5,20,35,jonesda03
246,Derrick Jones Jr.,SF,25,CHI,54,0,737,94,186,0.505,19,59,0.322,75,127,0.591,0.556,56,73,0.767,50,77,127,31,22,31,22,72,263,jonesde02
247,Herbert Jones,SF,24,NOP,56,56,1626,196,428,0.458,43,146,0.295,153,282,0.543,0.508,105,142,0.739,79,144,223,133,92,34,74,184,540,joneshe01
248,Kai Jones,C,22,CHO,38,0,383,47,85,0.553,3,12,0.25,44,73,0.603,0.571,15,20,0.75,31,60,91,7,12,21,19,53,112,joneska01
249,Tre Jones,PG,23,SAS,59,56,1722,287,649,0.442,37,141,0.262,250,508,0.492,0.471,127,146,0.87,46,159,205,370,77,9,98,84,738,jonestr01
250,Tyus Jones,PG,26,MEM,71,18,1707,280,631,0.444,107,283,0.378,173,348,0.497,0.529,73,91,0.802,25,147,172,352,73,4,67,29,740,jonesty01
251,DeAndre Jordan,C,34,DEN,35,5,499,75,97,0.773,1,1,1,74,96,0.771,0.778,18,41,0.439,41,127,168,31,8,22,42,65,169,jordade01
252,Cory Joseph,PG,31,DET,54,2,997,120,281,0.427,50,133,0.376,70,148,0.473,0.516,54,67,0.806,14,72,86,182,29,8,48,77,344,josepco01
253,Nikola Jovi?,PF,19,MIA,15,8,204,28,69,0.406,8,35,0.229,20,34,0.588,0.464,18,19,0.947,9,22,31,10,7,2,10,19,82,jovicni01
254,Johnny Juzang,SF,21,UTA,9,0,92,13,38,0.342,8,26,0.308,5,12,0.417,0.447,0,2,0,2,12,14,2,2,3,2,9,34,juzanjo01
255,Mfiondu Kabengele,PF,25,BOS,2,0,14,1,2,0.5,0,1,0,1,1,1,0.5,0,0,,3,2,5,0,0,0,1,3,2,kabenmf01
256,Frank Kaminsky,C,29,TOT,33,0,212,27,55,0.491,12,30,0.4,15,25,0.6,0.6,14,16,0.875,4,41,45,28,6,3,9,22,80,kaminfr01
256,Frank Kaminsky,C,29,ATL,26,0,176,25,44,0.568,11,23,0.478,14,21,0.667,0.693,10,12,0.833,3,33,36,21,5,1,9,21,71,kaminfr01
256,Frank Kaminsky,C,29,HOU,7,0,36,2,11,0.182,1,7,0.143,1,4,0.25,0.227,4,4,1,1,8,9,7,1,2,0,1,9,kaminfr01
257,Trevor Keels,SG,19,NYK,2,0,4,1,3,0.333,1,3,0.333,0,0,,0.5,0,0,,0,2,2,0,0,0,0,0,3,keelstr01
258,Luke Kennard,SG,26,TOT,50,11,1055,138,300,0.46,93,202,0.46,45,98,0.459,0.615,30,32,0.938,8,112,120,68,27,4,39,71,399,kennalu01
258,Luke Kennard,SG,26,LAC,35,11,725,98,211,0.464,59,132,0.447,39,79,0.494,0.604,19,20,0.95,6,77,83,37,19,4,30,47,274,kennalu01
258,Luke Kennard,SG,26,MEM,15,0,330,40,89,0.449,34,70,0.486,6,19,0.316,0.64,11,12,0.917,2,35,37,31,8,0,9,24,125,kennalu01
259,Walker Kessler,C,21,UTA,67,33,1523,252,350,0.72,1,2,0.5,251,348,0.721,0.721,75,140,0.536,209,351,560,57,24,155,54,155,580,kesslwa01
260,Braxton Key,SF,25,DET,3,0,9,1,1,1,0,0,,1,1,1,1,2,2,1,0,1,1,0,0,0,0,0,4,keybr01
261,Corey Kispert,SF,23,WAS,64,35,1769,226,454,0.498,125,298,0.419,101,156,0.647,0.635,57,65,0.877,28,148,176,77,31,7,46,83,634,kispeco01
262,Maxi Kleber,C,31,DAL,30,3,774,64,137,0.467,31,88,0.352,33,49,0.673,0.58,21,32,0.656,25,91,116,40,9,27,20,68,180,klebima01
263,Nathan Knight,PF,25,MIN,36,0,284,44,78,0.564,8,22,0.364,36,56,0.643,0.615,38,55,0.691,21,33,54,13,9,6,19,37,134,knighna01
264,Kevin Knox,PF-SF,23,TOT,52,1,648,93,195,0.477,46,124,0.371,47,71,0.662,0.595,28,35,0.8,23,97,120,17,16,12,32,81,260,knoxke01
264,Kevin Knox,PF,23,DET,42,1,593,84,179,0.469,43,116,0.371,41,63,0.651,0.589,26,33,0.788,20,88,108,15,14,12,32,74,237,knoxke01
264,Kevin Knox,SF,23,POR,10,0,55,9,16,0.563,3,8,0.375,6,8,0.75,0.656,2,2,1,3,9,12,2,2,0,0,7,23,knoxke01
265,Christian Koloko,C,22,TOR,49,19,685,61,128,0.477,1,9,0.111,60,119,0.504,0.48,35,53,0.66,72,78,150,23,14,49,18,114,158,kolokch01
266,John Konchar,SG,26,MEM,63,22,1331,123,286,0.43,58,162,0.358,65,124,0.524,0.531,27,33,0.818,54,218,272,85,64,18,33,99,331,konchjo01
267,Furkan Korkmaz,SG,25,PHI,29,0,273,35,85,0.412,13,37,0.351,22,48,0.458,0.488,20,30,0.667,6,24,30,19,6,3,19,10,103,korkmfu01
268,Luke Kornet,C,27,BOS,60,0,697,98,143,0.685,3,10,0.3,95,133,0.714,0.696,30,37,0.811,78,95,173,42,10,43,24,74,229,kornelu01
269,Vit Krejci,PG,22,ATL,24,0,127,13,31,0.419,5,18,0.278,8,13,0.615,0.5,1,2,0.5,2,13,15,12,3,1,4,12,32,krejcvi01
270,Jonathan Kuminga,PF,20,GSW,58,13,1189,219,430,0.509,45,127,0.354,174,303,0.574,0.562,74,112,0.661,58,138,196,108,33,27,88,138,557,kuminjo01
271,Kyle Kuzma,PF,27,WAS,64,64,2239,512,1142,0.448,160,481,0.333,352,661,0.533,0.518,173,237,0.73,55,408,463,239,36,29,190,145,1357,kuzmaky01
272,Anthony Lamb,SF,25,GSW,53,3,1062,134,281,0.477,69,183,0.377,65,98,0.663,0.6,40,53,0.755,47,136,183,88,26,17,48,122,377,lamban01
273,Jock Landale,C,27,PHO,62,3,861,151,291,0.519,20,81,0.247,131,210,0.624,0.553,77,100,0.77,105,142,247,57,15,29,54,113,399,landajo01
274,Romeo Langford,SG,23,SAS,37,21,748,110,230,0.478,14,52,0.269,96,178,0.539,0.509,32,47,0.681,53,50,103,46,19,13,24,63,266,langfro01
275,Jake LaRavia,PF,21,MEM,33,0,391,35,91,0.385,22,67,0.328,13,24,0.542,0.505,7,9,0.778,17,43,60,21,12,4,18,48,99,laravja01
276,Zach LaVine,SG,27,CHI,67,67,2439,584,1216,0.48,187,490,0.382,397,726,0.547,0.557,323,380,0.85,38,277,315,275,63,16,171,143,1678,lavinza01
277,A.J. Lawson,SG,22,TOT,13,0,63,13,26,0.5,7,16,0.438,6,10,0.6,0.635,1,3,0.333,2,8,10,1,1,0,1,8,34,lawsoaj01
277,A.J. Lawson,SG,22,DAL,12,0,61,12,25,0.48,7,16,0.438,5,9,0.556,0.62,1,3,0.333,2,7,9,1,1,0,1,7,32,lawsoaj01
277,A.J. Lawson,SG,22,MIN,1,0,2,1,1,1,0,0,,1,1,1,1,0,0,,0,1,1,0,0,0,0,1,2,lawsoaj01
278,Damion Lee,SG,30,PHO,70,5,1450,192,432,0.444,107,240,0.446,85,192,0.443,0.568,92,102,0.902,35,180,215,98,30,7,74,114,583,leeda03
279,Saben Lee,PG,23,TOT,22,0,302,37,88,0.42,7,20,0.35,30,68,0.441,0.46,36,47,0.766,11,26,37,55,15,1,23,27,117,leesa01
279,Saben Lee,PG,23,PHO,20,0,292,34,84,0.405,7,19,0.368,27,65,0.415,0.446,36,47,0.766,11,26,37,53,14,1,20,26,111,leesa01
279,Saben Lee,PG,23,PHI,2,0,10,3,4,0.75,0,1,0,3,3,1,0.75,0,0,,0,0,0,2,1,0,3,1,6,leesa01
280,Alex Len,C,29,SAC,18,1,58,5,12,0.417,0,2,0,5,10,0.5,0.417,3,4,0.75,4,13,17,6,0,0,9,12,13,lenal01
281,Kawhi Leonard,SF,31,LAC,44,42,1485,375,735,0.51,85,205,0.415,290,530,0.547,0.568,209,239,0.874,50,228,278,170,64,23,72,70,1044,leonaka01
282,Meyers Leonard,C,30,MIL,6,0,51,8,14,0.571,5,10,0.5,3,4,0.75,0.75,3,4,0.75,2,11,13,0,1,0,2,7,24,leoname01
283,Caris LeVert,SG,28,CLE,68,28,2044,292,689,0.424,111,293,0.379,181,396,0.457,0.504,122,168,0.726,51,213,264,270,66,20,108,152,817,leverca01
284,Kira Lewis Jr.,PG,21,NOP,22,0,223,38,84,0.452,13,30,0.433,25,54,0.463,0.53,17,20,0.85,5,28,33,19,9,2,10,24,106,lewiski01
285,Damian Lillard,PG,32,POR,57,57,2073,548,1183,0.463,242,648,0.373,306,535,0.572,0.566,498,544,0.915,43,227,270,413,50,18,189,108,1836,lillada01
286,Nassir Little,SF,22,POR,49,2,856,112,246,0.455,52,134,0.388,60,112,0.536,0.561,27,39,0.692,23,105,128,47,17,18,29,58,303,littlna01
287,Isaiah Livers,PF,24,DET,46,16,1030,101,248,0.407,63,179,0.352,38,69,0.551,0.534,23,30,0.767,23,93,116,34,27,25,26,88,288,liveris01
288,Kenneth Lofton Jr.,PF,20,MEM,16,0,72,19,40,0.475,4,11,0.364,15,29,0.517,0.525,5,9,0.556,8,11,19,11,1,1,5,13,47,loftoke01
289,Kevon Looney,C,26,GSW,73,64,1720,223,347,0.643,0,1,0,223,346,0.645,0.643,82,138,0.594,238,427,665,177,45,46,40,204,528,looneke01
290,Brook Lopez,C,34,MIL,69,69,2118,414,795,0.521,128,339,0.378,286,456,0.627,0.601,122,159,0.767,136,326,462,91,35,172,97,175,1078,lopezbr01
291,Robin Lopez,C,34,CLE,34,1,254,39,60,0.65,2,3,0.667,37,57,0.649,0.667,12,16,0.75,21,24,45,14,1,6,22,34,92,lopezro01
292,Kevin Love,PF,34,TOT,54,16,1097,145,373,0.389,87,259,0.336,58,114,0.509,0.505,73,83,0.88,55,308,363,100,12,10,64,85,450,loveke01
292,Kevin Love,PF,34,CLE,41,3,821,111,285,0.389,69,195,0.354,42,90,0.467,0.511,56,63,0.889,42,238,280,76,7,7,47,65,347,loveke01
292,Kevin Love,PF,34,MIA,13,13,276,34,88,0.386,18,64,0.281,16,24,0.667,0.489,17,20,0.85,13,70,83,24,5,3,17,20,103,loveke01
293,Kyle Lowry,PG,36,MIA,48,44,1565,181,447,0.405,99,285,0.347,82,162,0.506,0.516,103,121,0.851,38,165,203,250,51,18,94,132,564,lowryky01
294,Trey Lyles,PF,27,SAC,64,0,1073,167,349,0.479,76,202,0.376,91,147,0.619,0.587,88,110,0.8,57,197,254,61,22,28,56,82,498,lylestr01
295,Th�o Maledon,PG,21,CHO,36,1,581,65,157,0.414,21,63,0.333,44,94,0.468,0.481,49,56,0.875,9,77,86,86,27,6,35,37,200,maledth01
296,Sandro Mamukelashvili,C,23,TOT,33,2,401,45,124,0.363,20,64,0.313,25,60,0.417,0.444,26,38,0.684,41,71,112,33,9,7,18,39,136,mamuksa01
296,Sandro Mamukelashvili,C,23,MIL,24,0,217,19,58,0.328,7,32,0.219,12,26,0.462,0.388,12,18,0.667,18,38,56,16,4,5,9,19,57,mamuksa01
296,Sandro Mamukelashvili,C,23,SAS,9,2,184,26,66,0.394,13,32,0.406,13,34,0.382,0.492,14,20,0.7,23,33,56,17,5,2,9,20,79,mamuksa01
297,Terance Mann,SG,26,LAC,72,35,1658,249,471,0.529,66,171,0.386,183,300,0.61,0.599,80,104,0.769,70,182,252,163,38,20,69,131,644,mannte01
298,Tre Mann,PG,21,OKC,60,4,1082,179,461,0.388,76,240,0.317,103,221,0.466,0.471,37,50,0.74,24,112,136,102,36,11,55,89,471,manntr01
299,Boban Marjanovi?,C,34,HOU,25,0,119,31,45,0.689,0,1,0,31,44,0.705,0.689,18,24,0.75,13,29,42,5,4,1,8,5,80,marjabo01
300,Lauri Markkanen,SF,25,UTA,63,63,2169,543,1079,0.503,193,481,0.401,350,598,0.585,0.593,324,372,0.871,124,416,540,116,40,38,120,131,1603,markkla01
301,Naji Marshall,SF,25,NOP,67,21,1641,223,516,0.432,63,206,0.306,160,310,0.516,0.493,124,155,0.8,44,206,250,168,49,13,84,101,633,marshna01
302,Caleb Martin,PF,27,MIA,62,49,1845,232,496,0.468,82,219,0.374,150,277,0.542,0.55,82,102,0.804,79,224,303,101,62,29,68,127,628,martica02
303,Cody Martin,SF,27,CHO,7,0,134,14,36,0.389,3,14,0.214,11,22,0.5,0.431,4,7,0.571,8,16,24,11,4,1,2,13,35,martico01
304,Kenyon Martin Jr.,SF,22,HOU,72,39,1975,350,620,0.565,60,194,0.309,290,426,0.681,0.613,128,189,0.677,110,291,401,109,38,25,84,127,888,martike04
305,Tyrese Martin,SG,23,ATL,13,0,45,6,16,0.375,1,5,0.2,5,11,0.455,0.406,2,2,1,2,4,6,0,1,0,1,2,15,martity01
306,Garrison Mathews,SG,26,TOT,49,0,628,62,177,0.35,54,160,0.338,8,17,0.471,0.503,43,48,0.896,10,57,67,24,23,4,18,57,221,mathega01
306,Garrison Mathews,SG,26,HOU,45,0,602,60,170,0.353,53,155,0.342,7,15,0.467,0.509,41,45,0.911,10,52,62,23,23,4,18,56,214,mathega01
306,Garrison Mathews,SG,26,ATL,4,0,26,2,7,0.286,1,5,0.2,1,2,0.5,0.357,2,3,0.667,0,5,5,1,0,0,0,1,7,mathega01
307,Bennedict Mathurin,SF,20,IND,68,7,1890,361,838,0.431,89,280,0.318,272,558,0.487,0.484,322,390,0.826,74,198,272,96,41,8,122,138,1133,mathube01
308,Wesley Matthews,SG,36,MIL,41,0,632,43,125,0.344,33,100,0.33,10,25,0.4,0.476,17,20,0.85,30,59,89,21,17,10,16,59,136,matthwe02
309,Tyrese Maxey,SG,22,PHI,52,33,1724,376,794,0.474,130,312,0.417,246,482,0.51,0.555,159,189,0.841,22,122,144,182,40,7,70,114,1041,maxeyty01
310,Miles McBride,PG,22,NYK,56,2,674,67,186,0.36,37,119,0.311,30,67,0.448,0.46,26,38,0.684,13,34,47,63,33,7,21,52,197,mcbrimi01
311,CJ McCollum,SG,31,NOP,65,65,2281,509,1171,0.435,182,475,0.383,327,696,0.47,0.512,164,209,0.785,52,238,290,385,59,34,166,131,1364,mccolcj01
312,T.J. McConnell,PG,30,IND,67,6,1343,231,437,0.529,23,52,0.442,208,385,0.54,0.555,49,58,0.845,40,164,204,348,74,7,123,90,534,mccontj01
313,Jaden McDaniels,SF,22,MIN,70,70,2157,327,631,0.518,95,240,0.396,232,391,0.593,0.594,96,128,0.75,86,189,275,137,64,68,100,243,845,mcdanja02
314,Jalen McDaniels,SF,25,TOT,71,22,1725,252,557,0.452,68,214,0.318,184,343,0.536,0.513,109,131,0.832,57,262,319,120,72,29,87,194,681,mcdanja01
314,Jalen McDaniels,SF,25,CHO,56,21,1494,221,494,0.447,65,202,0.322,156,292,0.534,0.513,88,104,0.846,44,226,270,111,66,29,80,158,595,mcdanja01
314,Jalen McDaniels,SF,25,PHI,15,1,231,31,63,0.492,3,12,0.25,28,51,0.549,0.516,21,27,0.778,13,36,49,9,6,0,7,36,86,mcdanja01
315,Doug McDermott,SF,31,SAS,60,0,1241,221,477,0.463,115,271,0.424,106,206,0.515,0.584,40,56,0.714,19,113,132,88,12,6,58,106,597,mcderdo01
316,JaVale McGee,C,35,DAL,37,7,296,65,107,0.607,1,4,0.25,64,103,0.621,0.612,20,34,0.588,28,66,94,10,4,21,32,46,151,mcgeeja01
317,Bryce McGowens,SG,20,CHO,37,1,537,45,123,0.366,14,46,0.304,31,77,0.403,0.423,34,43,0.791,14,47,61,29,9,5,25,33,138,mcgowbr01
318,Rodney McGruder,SG,31,DET,32,12,524,62,152,0.408,41,97,0.423,21,55,0.382,0.543,18,22,0.818,20,54,74,28,16,1,11,39,183,mcgruro01
319,Jordan McLaughlin,PG,26,MIN,36,0,572,55,129,0.426,18,68,0.265,37,61,0.607,0.496,11,14,0.786,15,39,54,117,31,3,28,21,139,mclaujo01
320,De'Anthony Melton,PG,24,PHI,68,52,1903,249,576,0.432,145,361,0.402,104,215,0.484,0.558,56,70,0.8,59,224,283,179,114,38,89,168,699,meltode01
321,Sam Merrill,SG,26,CLE,2,0,8,1,3,0.333,0,2,0,1,1,1,0.333,0,0,,0,0,0,0,0,0,0,1,2,merrisa01
322,Chimezie Metu,C,25,SAC,59,0,636,118,198,0.596,9,36,0.25,109,162,0.673,0.619,44,58,0.759,44,134,178,40,20,21,29,77,289,metuch01
323,Khris Middleton,SF,31,MIL,27,13,649,139,324,0.429,44,131,0.336,95,193,0.492,0.497,77,86,0.895,23,89,112,130,20,5,58,61,399,middlkh01
324,Patty Mills,PG,34,BRK,38,1,515,81,193,0.42,47,123,0.382,34,70,0.486,0.541,21,23,0.913,8,34,42,52,14,3,26,27,230,millspa02
325,Shake Milton,SG,26,PHI,67,9,1355,214,431,0.497,52,130,0.4,162,301,0.538,0.557,87,103,0.845,31,136,167,188,22,11,77,102,567,miltosh01
326,Josh Minott,SF,20,MIN,14,0,92,18,34,0.529,2,6,0.333,16,28,0.571,0.559,8,8,1,5,20,25,4,4,6,3,10,46,minotjo01
327,Davion Mitchell,PG,24,SAC,71,7,1267,161,350,0.46,58,171,0.339,103,179,0.575,0.543,22,28,0.786,14,80,94,153,34,13,56,98,402,mitchda01
328,Donovan Mitchell,SG,26,CLE,62,62,2202,600,1258,0.477,219,578,0.379,381,680,0.56,0.564,281,322,0.873,58,200,258,284,93,23,164,149,1700,mitchdo01
329,Evan Mobley,PF,21,CLE,72,72,2468,475,862,0.551,21,97,0.216,454,765,0.593,0.563,193,283,0.682,166,472,638,197,56,100,142,206,1164,mobleev01
330,Isaiah Mobley,PF,23,CLE,10,0,30,5,10,0.5,1,3,0.333,4,7,0.571,0.55,0,0,,1,11,12,0,1,1,0,2,11,mobleis01
331,Chima Moneke,SF,27,SAC,2,0,8,1,2,0.5,0,0,,1,2,0.5,0.5,0,2,0,2,0,2,1,0,0,2,2,2,monekch01
332,Malik Monk,SG,24,SAC,69,0,1553,321,718,0.447,127,358,0.355,194,360,0.539,0.536,171,193,0.886,31,152,183,270,43,18,134,115,940,monkma01
333,Moses Moody,SG,20,GSW,56,3,733,88,197,0.447,41,120,0.342,47,77,0.61,0.551,36,52,0.692,26,65,91,46,18,6,31,43,253,moodymo01
334,Wendell Moore Jr.,SG,21,MIN,27,2,149,17,42,0.405,2,17,0.118,15,25,0.6,0.429,4,5,0.8,3,14,17,18,8,5,8,13,40,moorewe01
335,Ja Morant,PG,23,MEM,53,53,1721,507,1094,0.463,85,269,0.316,422,825,0.512,0.502,337,453,0.744,60,257,317,434,59,13,180,88,1436,moranja01
336,Marcus Morris,PF,33,LAC,63,63,1778,270,630,0.429,112,303,0.37,158,327,0.483,0.517,68,87,0.782,28,224,252,110,41,21,55,135,720,morrima03
337,Markieff Morris,PF,33,TOT,32,1,309,37,89,0.416,22,54,0.407,15,35,0.429,0.539,10,10,1,13,49,62,26,9,5,17,38,106,morrima02
337,Markieff Morris,PF,33,BRK,27,1,285,33,82,0.402,20,49,0.408,13,33,0.394,0.524,10,10,1,13,46,59,25,8,5,14,33,96,morrima02
337,Markieff Morris,PF,33,DAL,5,0,24,4,7,0.571,2,5,0.4,2,2,1,0.714,0,0,,0,3,3,1,1,0,3,5,10,morrima02
338,Monte Morris,PG,27,WAS,58,57,1610,228,477,0.478,76,191,0.398,152,286,0.531,0.558,63,76,0.829,23,177,200,303,39,10,59,75,595,morrimo01
339,Trey Murphy III,SF,22,NOP,69,55,2073,318,669,0.475,164,414,0.396,154,255,0.604,0.598,128,141,0.908,55,200,255,94,70,37,54,134,928,murphtr02
340,Dejounte Murray,SG,26,ATL,66,66,2403,546,1188,0.46,126,358,0.352,420,830,0.506,0.513,134,162,0.827,48,310,358,398,101,18,145,96,1352,murrade01
341,Jamal Murray,PG,25,DEN,58,58,1916,425,944,0.45,150,381,0.394,275,563,0.488,0.53,167,202,0.827,44,185,229,352,60,12,128,87,1167,murraja01
342,Keegan Murray,SF,22,SAC,70,68,2080,299,673,0.444,175,433,0.404,124,240,0.517,0.574,59,76,0.776,75,248,323,81,56,37,57,137,832,murrake02
343,Mike Muscala,C,31,TOT,54,7,799,111,253,0.439,70,180,0.389,41,73,0.562,0.577,32,41,0.78,27,143,170,41,15,22,19,87,324,muscami01
343,Mike Muscala,C,31,OKC,43,5,622,89,203,0.438,56,142,0.394,33,61,0.541,0.576,31,39,0.795,23,112,135,38,11,19,14,70,265,muscami01
343,Mike Muscala,C,31,BOS,11,2,177,22,50,0.44,14,38,0.368,8,12,0.667,0.58,1,2,0.5,4,31,35,3,4,3,5,17,59,muscami01
344,Svi Mykhailiuk,SF,25,TOT,23,0,165,23,53,0.434,16,31,0.516,7,22,0.318,0.585,7,15,0.467,3,14,17,10,3,1,6,6,69,mykhasv01
344,Svi Mykhailiuk,SF,25,CHO,10,0,125,17,41,0.415,10,21,0.476,7,20,0.35,0.537,4,10,0.4,3,7,10,9,2,1,4,5,48,mykhasv01
344,Svi Mykhailiuk,SF,25,NYK,13,0,40,6,12,0.5,6,10,0.6,0,2,0,0.75,3,5,0.6,0,7,7,1,1,0,2,1,21,mykhasv01
345,Larry Nance Jr.,PF,30,NOP,55,1,1185,169,273,0.619,14,39,0.359,155,234,0.662,0.645,50,73,0.685,94,217,311,102,49,34,37,114,402,nancela02
346,Andrew Nembhard,SG,23,IND,65,53,1761,221,519,0.426,79,231,0.342,142,288,0.493,0.502,39,49,0.796,30,141,171,262,60,12,103,157,560,nembhan01
347,Aaron Nesmith,SF,23,IND,63,51,1559,217,508,0.427,97,273,0.355,120,235,0.511,0.523,99,116,0.853,54,186,240,80,48,28,64,208,630,nesmiaa01
348,Raul Neto,PG,30,CLE,45,1,450,50,94,0.532,12,37,0.324,38,57,0.667,0.596,24,27,0.889,7,33,40,63,16,3,16,40,136,netora01
349,Georges Niang,PF,29,PHI,68,0,1306,195,441,0.442,137,340,0.403,58,101,0.574,0.598,32,38,0.842,18,142,160,70,26,12,45,129,559,niangge01
350,Daishen Nix,PG,20,HOU,48,7,801,74,206,0.359,37,119,0.311,37,87,0.425,0.449,23,34,0.676,16,70,86,122,29,6,72,53,208,nixda01
351,Zeke Nnaji,PF,22,DEN,45,5,595,89,154,0.578,13,45,0.289,76,109,0.697,0.62,36,54,0.667,56,51,107,12,15,20,21,83,227,nnajize01
352,Nerlens Noel,C,28,TOT,17,4,195,13,36,0.361,1,2,0.5,12,34,0.353,0.375,8,12,0.667,10,36,46,10,16,10,13,32,35,noelne01
352,Nerlens Noel,C,28,DET,14,3,152,12,30,0.4,1,2,0.5,11,28,0.393,0.417,7,10,0.7,7,30,37,7,13,9,8,25,32,noelne01
352,Nerlens Noel,C,28,BRK,3,1,43,1,6,0.167,0,0,,1,6,0.167,0.167,1,2,0.5,3,6,9,3,3,1,5,7,3,noelne01
353,Jaylen Nowell,SG,23,MIN,63,2,1228,274,612,0.448,66,227,0.291,208,385,0.54,0.502,76,97,0.784,34,131,165,130,42,5,63,97,690,nowelja01
354,Frank Ntilikina,PG,24,DAL,43,3,496,37,104,0.356,13,55,0.236,24,49,0.49,0.418,16,24,0.667,6,49,55,47,11,4,25,54,103,ntilila01
355,Kendrick Nunn,SG-PG,27,TOT,61,2,816,152,365,0.416,61,181,0.337,91,184,0.495,0.5,28,33,0.848,12,76,88,69,23,3,52,52,393,nunnke01
355,Kendrick Nunn,SG,27,LAL,39,2,528,102,251,0.406,41,126,0.325,61,125,0.488,0.488,17,21,0.81,5,50,55,34,11,3,31,35,262,nunnke01
355,Kendrick Nunn,PG,27,WAS,22,0,288,50,114,0.439,20,55,0.364,30,59,0.508,0.526,11,12,0.917,7,26,33,35,12,0,21,17,131,nunnke01
356,Jusuf Nurki?,C,28,POR,51,51,1360,255,493,0.517,41,114,0.36,214,379,0.565,0.559,123,186,0.661,114,353,467,145,42,43,119,182,674,nurkiju01
357,Jordan Nwora,SF,24,TOT,52,7,914,139,330,0.421,65,159,0.409,74,171,0.433,0.52,50,64,0.781,42,139,181,71,23,11,53,55,393,nworajo01
357,Jordan Nwora,SF,24,MIL,38,3,597,76,197,0.386,40,102,0.392,36,95,0.379,0.487,37,43,0.86,29,88,117,38,12,7,34,34,229,nworajo01
357,Jordan Nwora,SF,24,IND,14,4,317,63,133,0.474,25,57,0.439,38,76,0.5,0.568,13,21,0.619,13,51,64,33,11,4,19,21,164,nworajo01
358,Royce O'Neale,SF,29,BRK,68,52,2176,206,530,0.389,146,372,0.392,60,158,0.38,0.526,47,65,0.723,51,292,343,251,59,44,102,214,605,onealro01
359,Chuma Okeke,SF,24,ORL,22,7,413,34,93,0.366,20,65,0.308,14,28,0.5,0.473,16,21,0.762,21,57,78,26,12,9,11,35,104,okekech01
360,Josh Okogie,SG,24,PHO,61,15,1074,138,343,0.402,54,163,0.331,84,180,0.467,0.481,111,152,0.73,93,111,204,81,48,28,57,95,441,okogijo01
361,Onyeka Okongwu,C,22,ATL,70,17,1642,273,428,0.638,2,7,0.286,271,421,0.644,0.64,120,160,0.75,193,314,507,71,50,89,69,222,668,okongon01
362,Isaac Okoro,SF,22,CLE,74,44,1614,170,348,0.489,59,167,0.353,111,181,0.613,0.573,76,101,0.752,52,133,185,86,56,30,41,154,475,okorois01
363,KZ Okpala,PF,23,SAC,35,3,248,16,38,0.421,7,21,0.333,9,17,0.529,0.513,7,8,0.875,7,27,34,13,7,7,7,39,46,okpalkz01
364,Victor Oladipo,SG,30,MIA,38,1,1015,137,350,0.391,56,178,0.315,81,172,0.471,0.471,54,71,0.761,16,105,121,129,52,11,74,89,384,oladivi01
365,Kelly Olynyk,C,31,UTA,59,59,1668,234,472,0.496,83,208,0.399,151,264,0.572,0.584,164,194,0.845,73,266,339,203,53,34,134,207,715,olynyke01
366,Eugene Omoruyi,SF,25,TOT,33,5,485,79,171,0.462,14,57,0.246,65,114,0.57,0.503,29,44,0.659,36,52,88,20,21,1,22,77,201,omorueu01
366,Eugene Omoruyi,SF,25,OKC,23,2,272,44,94,0.468,8,31,0.258,36,63,0.571,0.511,17,28,0.607,22,30,52,11,14,0,16,46,113,omorueu01
366,Eugene Omoruyi,SF,25,DET,10,3,213,35,77,0.455,6,26,0.231,29,51,0.569,0.494,12,16,0.75,14,22,36,9,7,1,6,31,88,omorueu01
367,Cedi Osman,SF,27,CLE,69,0,1425,220,483,0.455,104,282,0.369,116,201,0.577,0.563,66,96,0.688,23,137,160,106,33,9,47,109,610,osmande01
368,Kelly Oubre Jr.,SF,27,CHO,47,39,1535,349,809,0.431,108,336,0.321,241,473,0.51,0.498,158,207,0.763,65,181,246,52,66,18,63,140,964,oubreke01
369,Chris Paul,PG,37,PHO,50,50,1604,241,558,0.432,77,213,0.362,164,345,0.475,0.501,118,144,0.819,19,194,213,458,81,19,100,108,677,paulch01
370,Cameron Payne,PG,28,PHO,39,14,836,162,389,0.416,61,165,0.37,101,224,0.451,0.495,43,57,0.754,12,79,91,183,30,6,74,73,428,payneca01
371,Gary Payton II,PG,30,POR,15,1,255,24,41,0.585,9,17,0.529,15,24,0.625,0.695,4,4,1,10,29,39,22,16,1,12,29,61,paytoga02
372,Theo Pinson,SG,27,DAL,37,0,245,20,61,0.328,15,44,0.341,5,17,0.294,0.451,9,11,0.818,8,33,41,30,4,1,9,24,64,pinsoth01
373,Scotty Pippen Jr.,PG,22,LAL,6,0,32,4,12,0.333,1,3,0.333,3,9,0.333,0.375,5,9,0.556,2,2,4,2,2,1,2,3,14,pippesc02
374,Mason Plumlee,C,32,TOT,70,60,1883,304,450,0.676,0,0,,304,450,0.676,0.676,192,304,0.632,216,443,659,229,43,41,107,197,800,plumlma01
374,Mason Plumlee,C,32,CHO,56,56,1597,265,396,0.669,0,0,,265,396,0.669,0.669,155,256,0.605,187,354,541,205,35,35,87,161,685,plumlma01
374,Mason Plumlee,C,32,LAC,14,4,286,39,54,0.722,0,0,,39,54,0.722,0.722,37,48,0.771,29,89,118,24,8,6,20,36,115,plumlma01
375,Jakob Poeltl,C,27,TOT,62,61,1653,343,544,0.631,0,1,0,343,543,0.632,0.631,111,182,0.61,203,363,566,182,58,77,114,171,797,poeltja01
375,Jakob Poeltl,C,27,SAS,46,46,1199,239,388,0.616,0,1,0,239,387,0.618,0.616,78,129,0.605,152,264,416,141,36,52,96,118,556,poeltja01
375,Jakob Poeltl,C,27,TOR,16,15,454,104,156,0.667,0,0,,104,156,0.667,0.667,33,53,0.623,51,99,150,41,22,25,18,53,241,poeltja01
376,Aleksej Pokusevski,PF,21,OKC,31,25,677,107,243,0.44,38,101,0.376,69,142,0.486,0.519,21,33,0.636,45,112,157,62,20,41,41,57,273,pokusal01
377,Jordan Poole,PG,23,GSW,73,42,2225,488,1147,0.425,188,569,0.33,300,578,0.519,0.507,311,356,0.874,30,169,199,336,58,18,235,191,1475,poolejo01
378,Kevin Porter Jr.,PG,22,HOU,50,50,1703,323,744,0.434,111,319,0.348,212,425,0.499,0.509,177,227,0.78,67,207,274,290,66,16,167,131,934,porteke02
379,Michael Porter Jr.,SF,24,DEN,55,55,1594,349,709,0.492,163,393,0.415,186,316,0.589,0.607,87,107,0.813,51,245,296,59,35,27,62,112,948,portemi01
380,Otto Porter Jr.,SF,29,TOR,8,2,146,15,30,0.5,6,17,0.353,9,13,0.692,0.6,8,8,1,6,13,19,8,11,0,4,7,44,porteot01
381,Bobby Portis,PF,27,MIL,60,19,1558,339,676,0.501,70,204,0.343,269,472,0.57,0.553,79,96,0.823,137,437,574,96,25,14,73,97,827,portibo01
382,Kristaps Porzi??is,C,27,WAS,61,61,2002,466,952,0.489,127,338,0.376,339,614,0.552,0.556,340,401,0.848,110,405,515,159,55,96,132,190,1399,porzikr01
383,Micah Potter,PF,24,UTA,3,0,14,2,2,1,0,0,,2,2,1,1,0,0,,1,2,3,2,0,0,0,2,4,pottemi01
384,Dwight Powell,C,31,DAL,67,55,1333,176,243,0.724,0,5,0,176,238,0.739,0.724,109,160,0.681,135,155,290,61,47,25,60,191,461,poweldw01
385,Norman Powell,SG,29,LAC,54,7,1392,299,630,0.475,109,266,0.41,190,364,0.522,0.561,192,239,0.803,20,138,158,95,42,17,89,107,899,powelno01
386,Jason Preston,PG,23,LAC,13,0,122,18,41,0.439,5,18,0.278,13,23,0.565,0.5,0,2,0,2,20,22,27,2,0,10,7,41,prestja01
387,Joshua Primo,SG,20,SAS,4,0,93,9,26,0.346,3,12,0.25,6,14,0.429,0.404,7,9,0.778,2,11,13,18,1,2,11,8,28,primojo01
388,Taurean Prince,SF,28,MIN,47,4,1027,154,320,0.481,65,164,0.396,89,156,0.571,0.583,48,57,0.842,13,101,114,76,24,15,62,112,421,princta02
389,Payton Pritchard,PG,25,BOS,45,2,563,80,205,0.39,42,127,0.331,38,78,0.487,0.493,11,15,0.733,22,46,68,47,14,1,31,35,213,pritcpa01
390,Trevelin Queen,SG,25,IND,7,0,70,7,29,0.241,2,15,0.133,5,14,0.357,0.276,5,5,1,8,9,17,6,2,5,7,4,21,queentr01
391,Neemias Queta,C,23,SAC,4,0,25,6,8,0.75,0,0,,6,8,0.75,0.75,0,2,0,4,5,9,1,0,1,1,7,12,quetane01
392,Immanuel Quickley,PG,23,NYK,72,15,2047,345,780,0.442,137,384,0.357,208,396,0.525,0.53,159,193,0.824,52,243,295,229,63,12,82,147,986,quickim01
393,Julius Randle,PF,28,NYK,73,73,2623,633,1372,0.461,212,612,0.346,421,760,0.554,0.539,391,515,0.759,139,604,743,299,47,19,208,223,1869,randlju01
394,Austin Reaves,SG,24,LAL,54,12,1499,203,392,0.518,68,179,0.38,135,213,0.634,0.605,176,206,0.854,28,132,160,154,30,19,78,89,650,reaveau01
395,Cam Reddish,SF,23,TOT,36,20,901,128,285,0.449,44,135,0.326,84,150,0.56,0.526,57,68,0.838,16,65,81,55,37,13,43,67,357,reddica01
395,Cam Reddish,SF,23,POR,16,12,463,67,149,0.45,27,79,0.342,40,70,0.571,0.54,28,35,0.8,9,41,50,35,22,5,28,35,189,reddica01
395,Cam Reddish,SF,23,NYK,20,8,438,61,136,0.449,17,56,0.304,44,80,0.55,0.511,29,33,0.879,7,24,31,20,15,8,15,32,168,reddica01
396,Davon Reed,SG,27,TOT,40,1,336,27,83,0.325,17,46,0.37,10,37,0.27,0.428,16,24,0.667,10,48,58,21,14,4,20,39,87,reedda01
396,Davon Reed,SG,27,DEN,35,1,315,25,80,0.313,16,44,0.364,9,36,0.25,0.413,15,20,0.75,9,46,55,19,13,4,20,36,81,reedda01
396,Davon Reed,SG,27,LAL,5,0,21,2,3,0.667,1,2,0.5,1,1,1,0.833,1,4,0.25,1,2,3,2,1,0,0,3,6,reedda01
397,Paul Reed,C,23,PHI,58,0,593,92,160,0.575,0,4,0,92,156,0.59,0.575,22,29,0.759,83,117,200,19,36,41,35,110,206,reedpa01
398,Naz Reid,C,23,MIN,64,11,1161,277,520,0.533,66,199,0.332,211,321,0.657,0.596,79,116,0.681,70,239,309,73,39,51,88,171,699,reidna01
399,Jared Rhoden,SG,23,DET,7,0,66,6,16,0.375,1,7,0.143,5,9,0.556,0.406,2,2,1,7,7,14,2,2,0,0,7,15,rhodeja01
400,Nick Richards,C,25,CHO,58,5,1056,170,273,0.623,0,0,,170,273,0.623,0.623,119,157,0.758,135,216,351,32,10,65,53,135,459,richani01
401,Josh Richardson,SG,29,TOT,55,10,1322,218,505,0.432,94,262,0.359,124,243,0.51,0.525,69,81,0.852,37,113,150,163,64,18,73,103,599,richajo01
401,Josh Richardson,SG,29,SAS,42,6,997,177,406,0.436,74,207,0.357,103,199,0.518,0.527,53,60,0.883,30,89,119,137,40,11,63,70,481,richajo01
401,Josh Richardson,SG,29,NOP,13,4,325,41,99,0.414,20,55,0.364,21,44,0.477,0.515,16,21,0.762,7,24,31,26,24,7,10,33,118,richajo01
402,Austin Rivers,SG,30,MIN,52,10,1016,91,209,0.435,43,123,0.35,48,86,0.558,0.538,30,39,0.769,5,78,83,75,28,4,23,80,255,riverau01
403,Duncan Robinson,SF,28,MIA,35,0,577,73,199,0.367,53,161,0.329,20,38,0.526,0.5,23,25,0.92,8,53,61,39,12,0,21,63,222,robindu01
404,Mitchell Robinson,C,24,NYK,51,50,1391,164,239,0.686,0,0,,164,239,0.686,0.686,49,100,0.49,219,243,462,43,48,82,32,141,377,robinmi01
405,Orlando Robinson,C,22,MIA,29,1,397,46,86,0.535,0,5,0,46,81,0.568,0.535,21,29,0.724,44,74,118,21,12,12,15,52,113,robinor01
406,Jeremiah Robinson-Earl,PF,22,OKC,36,19,700,95,211,0.45,31,96,0.323,64,115,0.557,0.524,31,38,0.816,64,95,159,38,21,11,18,59,252,robinje02
407,Isaiah Roby,PF,24,SAS,42,2,474,67,155,0.432,18,60,0.3,49,95,0.516,0.49,20,41,0.488,21,86,107,38,18,7,31,53,172,robyis01
408,David Roddy,PF,21,MEM,59,2,1000,149,340,0.438,53,172,0.308,96,168,0.571,0.516,36,59,0.61,38,117,155,39,28,15,49,88,387,roddyda01
409,Ryan Rollins,PG,20,GSW,12,0,62,7,20,0.35,3,9,0.333,4,11,0.364,0.425,6,6,1,3,9,12,6,1,1,16,10,23,rolliry01
410,Derrick Rose,PG,34,NYK,27,0,338,61,159,0.384,19,63,0.302,42,96,0.438,0.443,11,12,0.917,8,32,40,46,7,5,22,18,152,rosede01
411,Terrence Ross,SG,31,TOT,52,9,1127,164,376,0.436,80,209,0.383,84,167,0.503,0.543,22,29,0.759,15,96,111,70,33,8,41,81,430,rosste01
411,Terrence Ross,SG,31,ORL,42,9,944,129,299,0.431,61,160,0.381,68,139,0.489,0.533,15,20,0.75,10,75,85,54,25,8,37,53,334,rosste01
411,Terrence Ross,SG,31,PHO,10,0,183,35,77,0.455,19,49,0.388,16,28,0.571,0.578,7,9,0.778,5,21,26,16,8,0,4,28,96,rosste01
412,Terry Rozier,SG,28,CHO,62,62,2211,491,1184,0.415,164,502,0.327,327,682,0.479,0.484,178,220,0.809,51,204,255,317,73,16,133,117,1324,roziete01
413,Ricky Rubio,PG,32,CLE,25,0,430,51,138,0.37,18,66,0.273,33,72,0.458,0.435,24,31,0.774,7,51,58,84,23,5,25,36,144,rubiori01
414,D'Angelo Russell,PG,26,TOT,64,64,2079,401,867,0.463,175,449,0.39,226,418,0.541,0.563,169,198,0.854,33,165,198,398,66,26,167,132,1146,russeda01
414,D'Angelo Russell,PG,26,MIN,54,54,1778,338,727,0.465,148,379,0.391,190,348,0.546,0.567,143,167,0.856,28,137,165,334,60,21,147,117,967,russeda01
414,D'Angelo Russell,PG,26,LAL,10,10,301,63,140,0.45,27,70,0.386,36,70,0.514,0.546,26,31,0.839,5,28,33,64,6,5,20,15,179,russeda01
415,Matt Ryan,SF,25,TOT,33,0,306,40,107,0.374,32,83,0.386,8,24,0.333,0.523,10,12,0.833,4,22,26,15,5,1,7,27,122,ryanma01
415,Matt Ryan,SF,25,MIN,21,0,177,25,58,0.431,19,48,0.396,6,10,0.6,0.595,6,7,0.857,2,10,12,11,3,1,4,13,75,ryanma01
415,Matt Ryan,SF,25,LAL,12,0,129,15,49,0.306,13,35,0.371,2,14,0.143,0.439,4,5,0.8,2,12,14,4,2,0,3,14,47,ryanma01
416,Domantas Sabonis,C,26,SAC,70,70,2436,505,830,0.608,27,77,0.351,478,753,0.635,0.625,296,389,0.761,222,653,875,508,58,36,207,252,1333,sabondo01
417,Dario ?ari?,PF,28,TOT,52,12,743,119,260,0.458,40,106,0.377,79,154,0.513,0.535,57,68,0.838,48,143,191,71,18,5,54,95,335,saricda01
417,Dario ?ari?,PF,28,PHO,37,12,533,76,178,0.427,27,69,0.391,49,109,0.45,0.503,36,44,0.818,39,103,142,57,13,5,36,69,215,saricda01
417,Dario ?ari?,PF,28,OKC,15,0,210,43,82,0.524,13,37,0.351,30,45,0.667,0.604,21,24,0.875,9,40,49,14,5,0,18,26,120,saricda01
418,Olivier Sarr,C,23,OKC,4,0,51,4,11,0.364,0,4,0,4,7,0.571,0.364,3,3,1,7,5,12,2,0,5,3,8,11,sarrol01
419,Jordan Schakel,SF,24,WAS,2,0,6,1,2,0.5,1,1,1,0,1,0,0.75,0,0,,0,0,0,1,1,0,0,1,3,schakjo01
420,Admiral Schofield,PF,25,ORL,31,0,368,46,95,0.484,20,57,0.351,26,38,0.684,0.589,17,19,0.895,19,33,52,25,6,3,6,54,129,schofad01
421,Dennis Schr�der,PG,29,LAL,58,47,1770,242,582,0.416,68,203,0.335,174,379,0.459,0.474,187,215,0.87,14,131,145,267,43,7,101,128,739,schrode01
422,Dereon Seabron,SG,22,NOP,5,0,12,2,5,0.4,0,0,,2,5,0.4,0.4,0,0,,1,0,1,0,0,0,0,1,4,seabrde01
423,Alperen ?eng�n,C,20,HOU,65,62,1853,378,685,0.552,15,47,0.319,363,638,0.569,0.563,181,247,0.733,206,363,569,250,57,60,161,221,952,sengual01
424,Collin Sexton,SG,24,UTA,47,15,1129,230,454,0.507,48,117,0.41,182,337,0.54,0.559,162,197,0.822,37,67,104,135,27,6,84,109,670,sextoco01
425,Landry Shamet,SG,25,PHO,31,7,663,95,246,0.386,64,166,0.386,31,80,0.388,0.516,42,47,0.894,8,43,51,69,19,5,31,48,296,shamela01
426,Day'Ron Sharpe,C,21,BRK,38,2,429,72,136,0.529,6,10,0.6,66,126,0.524,0.551,23,36,0.639,72,81,153,29,10,24,37,75,173,sharpda01
427,Shaedon Sharpe,SG,19,POR,70,5,1419,220,461,0.477,71,201,0.353,149,260,0.573,0.554,41,61,0.672,52,123,175,53,29,20,53,115,552,sharpsh01
428,Pascal Siakam,C,28,TOR,62,62,2324,543,1153,0.471,86,255,0.337,457,898,0.509,0.508,321,420,0.764,115,367,482,368,53,32,154,202,1493,siakapa01
429,Chris Silva,PF,26,DAL,1,0,3,1,1,1,0,0,,1,1,1,1,0,0,,0,0,0,0,0,0,1,2,2,silvach01
430,Ben Simmons,PG,26,BRK,42,33,1105,133,235,0.566,0,2,0,133,233,0.571,0.566,25,57,0.439,40,223,263,256,54,24,97,139,291,simmobe01
431,Marko Simonovic,C,23,CHI,3,0,5,0,1,0,0,1,0,0,0,,0,0,0,,0,0,0,0,0,0,0,1,0,simonma01
432,Anfernee Simons,SG,23,POR,62,62,2171,467,1045,0.447,212,562,0.377,255,483,0.528,0.548,160,179,0.894,18,143,161,253,42,14,128,142,1306,simonan01
433,Jericho Sims,C,24,NYK,49,16,774,80,104,0.769,0,1,0,80,103,0.777,0.769,12,16,0.75,93,139,232,24,15,28,26,92,172,simsje01
434,Marcus Smart,PG,28,BOS,55,55,1787,223,540,0.413,101,302,0.334,122,238,0.513,0.506,82,109,0.752,42,135,177,354,84,21,134,156,629,smartma01
435,Dennis Smith Jr.,PG,25,CHO,51,13,1310,173,424,0.408,21,101,0.208,152,323,0.471,0.433,72,98,0.735,25,130,155,242,72,25,75,114,439,smithde03
436,Dru Smith,SG,25,TOT,10,1,124,18,39,0.462,5,18,0.278,13,21,0.619,0.526,1,1,1,2,16,18,15,9,4,2,15,42,smithdr01
436,Dru Smith,SG,25,MIA,5,1,67,5,14,0.357,1,6,0.167,4,8,0.5,0.393,0,0,,1,8,9,5,4,3,1,10,11,smithdr01
436,Dru Smith,SG,25,BRK,5,0,57,13,25,0.52,4,12,0.333,9,13,0.692,0.6,1,1,1,1,8,9,10,5,1,1,5,31,smithdr01
437,Ish Smith,PG,34,DEN,36,0,323,44,101,0.436,2,6,0.333,42,95,0.442,0.446,1,2,0.5,4,41,45,76,6,6,38,28,91,smithis01
438,Jabari Smith Jr.,PF,19,HOU,69,69,2119,306,760,0.403,108,352,0.307,198,408,0.485,0.474,140,181,0.773,100,392,492,86,36,64,95,198,860,smithja05
439,Jalen Smith,PF,22,IND,60,28,1110,207,442,0.468,47,171,0.275,160,271,0.59,0.521,97,126,0.77,111,233,344,58,17,52,63,130,558,smithja04
440,Jeremy Sochan,PF,19,SAS,55,52,1435,244,538,0.454,33,129,0.256,211,409,0.516,0.484,80,114,0.702,94,195,289,139,42,23,96,136,601,sochaje01
441,Jaden Springer,SG,20,PHI,10,0,40,8,16,0.5,0,2,0,8,14,0.571,0.5,3,4,0.75,5,4,9,4,5,2,1,9,19,sprinja01
442,Lamar Stevens,PF,25,CLE,54,22,969,116,249,0.466,26,82,0.317,90,167,0.539,0.518,37,51,0.725,41,132,173,30,23,15,24,68,295,stevela01
443,Isaiah Stewart,C,21,DET,50,47,1414,195,441,0.442,67,205,0.327,128,236,0.542,0.518,110,149,0.738,115,288,403,70,20,34,68,133,567,stewais01
444,Max Strus,SF,26,MIA,71,28,2055,292,726,0.402,173,514,0.337,119,212,0.561,0.521,77,87,0.885,46,192,238,156,40,11,64,146,834,strusma01
445,Jalen Suggs,PG,21,ORL,45,16,1068,156,374,0.417,52,167,0.311,104,207,0.502,0.487,71,101,0.703,49,84,133,142,59,22,82,107,435,suggsja01
446,Edmond Sumner,SG,27,BRK,48,12,690,116,254,0.457,30,84,0.357,86,170,0.506,0.516,92,99,0.929,11,63,74,68,31,9,45,79,354,sumneed01
447,Cole Swider,SF,23,LAL,6,0,40,3,9,0.333,3,8,0.375,0,1,0,0.5,0,0,,1,6,7,4,0,0,0,3,9,swideco01
448,Jae'Sean Tate,SF,27,HOU,31,7,677,110,229,0.48,13,46,0.283,97,183,0.53,0.509,50,69,0.725,41,77,118,84,21,7,47,106,283,tateja01
449,Jayson Tatum,PF,24,BOS,68,68,2544,665,1449,0.459,220,639,0.344,445,810,0.549,0.535,494,579,0.853,74,531,605,321,70,50,199,144,2044,tatumja01
450,Terry Taylor,PF,23,TOT,28,2,234,32,67,0.478,4,18,0.222,28,49,0.571,0.507,5,7,0.714,22,17,39,10,3,5,9,25,73,taylote01
450,Terry Taylor,PF,23,IND,26,2,228,30,65,0.462,4,18,0.222,26,47,0.553,0.492,5,7,0.714,22,17,39,10,3,5,9,24,69,taylote01
450,Terry Taylor,PF,23,CHI,2,0,6,2,2,1,0,0,,2,2,1,1,0,0,,0,0,0,0,0,0,0,1,4,taylote01
451,Garrett Temple,SG,36,NOP,21,0,147,15,41,0.366,9,23,0.391,6,18,0.333,0.476,3,4,0.75,4,10,14,12,9,1,4,14,42,templga01
452,Dalen Terry,SG,20,CHI,28,0,137,19,41,0.463,6,16,0.375,13,25,0.52,0.537,5,10,0.5,7,12,19,16,4,4,6,12,49,terryda01
453,Daniel Theis,C,30,IND,7,1,109,21,44,0.477,2,11,0.182,19,33,0.576,0.5,5,12,0.417,7,15,22,9,2,6,3,7,49,theisda01
454,Cam Thomas,SG,21,BRK,52,3,861,177,405,0.437,45,120,0.375,132,285,0.463,0.493,139,162,0.858,8,81,89,75,19,6,55,51,538,thomaca02
455,Klay Thompson,SG,32,GSW,61,61,2009,486,1114,0.436,261,643,0.406,225,471,0.478,0.553,109,124,0.879,38,217,255,148,44,25,110,113,1342,thompkl01
456,JT Thor,PF,20,CHO,60,4,714,65,167,0.389,22,83,0.265,43,84,0.512,0.455,20,31,0.645,33,81,114,26,18,15,25,52,172,thorjt01
457,Matisse Thybulle,SG,25,TOT,64,21,1021,97,217,0.447,46,127,0.362,51,90,0.567,0.553,13,18,0.722,37,83,120,45,72,27,17,100,253,thybuma01
457,Matisse Thybulle,SG,25,PHI,49,6,591,50,116,0.431,21,63,0.333,29,53,0.547,0.522,9,12,0.75,20,43,63,23,45,14,8,65,130,thybuma01
457,Matisse Thybulle,SG,25,POR,15,15,430,47,101,0.465,25,64,0.391,22,37,0.595,0.589,4,6,0.667,17,40,57,22,27,13,9,35,123,thybuma01
458,Xavier Tillman Sr.,PF,24,MEM,52,21,949,145,245,0.592,4,15,0.267,141,230,0.613,0.6,44,79,0.557,102,146,248,80,47,23,36,81,338,tillmxa01
459,Isaiah Todd,PF,21,WAS,4,0,13,1,4,0.25,0,3,0,1,1,1,0.25,0,0,,0,0,0,0,0,0,0,0,2,toddis01
460,Obi Toppin,PF,24,NYK,58,0,832,134,319,0.42,62,190,0.326,72,129,0.558,0.517,29,37,0.784,26,134,160,44,17,10,32,56,359,toppiob01
461,Juan Toscano-Anderson,SF,29,TOT,41,7,487,43,90,0.478,6,26,0.231,37,64,0.578,0.511,11,15,0.733,19,71,90,37,14,8,23,61,103,toscaju01
461,Juan Toscano-Anderson,SF,29,LAL,30,7,365,33,66,0.5,4,20,0.2,29,46,0.63,0.53,11,15,0.733,14,47,61,25,10,7,17,46,81,toscaju01
461,Juan Toscano-Anderson,SF,29,UTA,11,0,122,10,24,0.417,2,6,0.333,8,18,0.444,0.458,0,0,,5,24,29,12,4,1,6,15,22,toscaju01
462,Karl-Anthony Towns,PF,27,MIN,21,21,709,153,303,0.505,38,117,0.325,115,186,0.618,0.568,92,104,0.885,35,137,172,111,16,14,65,82,436,townska01
463,Gary Trent Jr.,SG,24,TOR,63,43,2054,394,907,0.434,162,437,0.371,232,470,0.494,0.524,166,198,0.838,29,138,167,100,103,14,53,100,1116,trentga02
464,P.J. Tucker,PF,37,PHI,66,66,1702,81,191,0.424,46,116,0.397,35,75,0.467,0.545,19,23,0.826,86,181,267,54,36,14,40,158,227,tuckepj01
465,Myles Turner,C,26,IND,60,60,1772,387,711,0.544,92,245,0.376,295,466,0.633,0.609,211,267,0.79,86,367,453,86,36,138,100,207,1077,turnemy01
466,Stanley Umude,SG,23,DET,1,0,2,0,1,0,0,1,0,0,0,,0,2,2,1,0,0,0,0,1,1,0,0,2,umudest01
467,Jonas Valan?i?nas,C,30,NOP,69,69,1704,390,706,0.552,35,100,0.35,355,606,0.586,0.577,168,203,0.828,191,483,674,117,17,40,136,209,983,valanjo01
468,Jarred Vanderbilt,PF,23,TOT,68,55,1656,221,402,0.55,23,77,0.299,198,325,0.609,0.578,88,128,0.688,153,379,532,176,76,19,91,170,553,vandeja01
468,Jarred Vanderbilt,PF,23,UTA,52,41,1254,173,311,0.556,19,57,0.333,154,254,0.606,0.587,67,102,0.657,121,288,409,142,53,15,68,133,432,vandeja01
468,Jarred Vanderbilt,PF,23,LAL,16,14,402,48,91,0.527,4,20,0.2,44,71,0.62,0.549,21,26,0.808,32,91,123,34,23,4,23,37,121,vandeja01
469,Fred VanVleet,PG,28,TOR,60,60,2218,389,972,0.4,184,525,0.35,205,447,0.459,0.495,213,239,0.891,27,226,253,422,103,34,118,169,1175,vanvlfr01
470,Devin Vassell,SG,22,SAS,36,30,1122,252,567,0.444,99,252,0.393,153,315,0.486,0.532,75,95,0.789,8,131,139,128,41,16,53,52,678,vassede01
471,Gabe Vincent,PG,26,MIA,59,25,1549,193,492,0.392,100,309,0.324,93,183,0.508,0.494,64,72,0.889,24,101,125,145,55,4,86,142,550,vincega01
472,Noah Vonleh,C,27,BOS,23,1,171,11,24,0.458,1,4,0.25,10,20,0.5,0.479,2,2,1,18,30,48,7,2,8,11,35,25,vonleno01
473,Nikola Vu?evi?,C,32,CHI,71,71,2433,517,1011,0.511,112,320,0.35,405,691,0.586,0.567,115,139,0.827,144,661,805,234,53,56,123,163,1261,vucevni01
474,Dean Wade,PF,26,CLE,39,9,776,62,152,0.408,38,109,0.349,24,43,0.558,0.533,15,23,0.652,16,114,130,32,24,18,14,80,177,wadede01
475,Franz Wagner,SF,21,ORL,72,72,2376,495,1015,0.488,121,333,0.363,374,682,0.548,0.547,239,286,0.836,63,225,288,255,64,14,152,166,1350,wagnefr01
476,Moritz Wagner,C,25,ORL,50,17,1015,183,367,0.499,48,152,0.316,135,215,0.628,0.564,139,165,0.842,65,169,234,77,36,10,57,125,553,wagnemo01
477,Ish Wainright,SF,28,PHO,53,1,813,75,201,0.373,51,152,0.336,24,49,0.49,0.5,23,27,0.852,43,76,119,50,37,18,21,108,224,wainris01
478,Jabari Walker,SF,20,POR,46,0,401,46,107,0.43,7,29,0.241,39,78,0.5,0.463,23,31,0.742,36,56,92,22,5,10,19,42,122,walkeja01
479,Kemba Walker,PG,32,DAL,9,1,144,24,57,0.421,7,28,0.25,17,29,0.586,0.482,17,21,0.81,3,13,16,19,2,2,4,11,72,walkeke02
480,Lonnie Walker IV,SG,24,LAL,51,32,1248,225,506,0.445,85,237,0.359,140,269,0.52,0.529,89,102,0.873,13,90,103,63,27,16,46,68,624,walkelo01
481,John Wall,PG,32,LAC,34,3,755,138,338,0.408,33,109,0.303,105,229,0.459,0.457,77,113,0.681,14,78,92,178,27,12,80,59,386,walljo01
482,T.J. Warren,PF-SF,29,TOT,34,0,541,106,214,0.495,17,50,0.34,89,164,0.543,0.535,27,33,0.818,17,71,88,29,17,8,18,51,256,warretj01
482,T.J. Warren,PF,29,BRK,26,0,490,102,200,0.51,16,48,0.333,86,152,0.566,0.55,27,33,0.818,13,59,72,29,15,7,17,45,247,warretj01
482,T.J. Warren,SF,29,PHO,8,0,51,4,14,0.286,1,2,0.5,3,12,0.25,0.321,0,0,,4,12,16,0,2,1,1,6,9,warretj01
483,Duane Washington Jr.,SG,22,PHO,31,3,394,94,256,0.367,40,111,0.36,54,145,0.372,0.445,16,24,0.667,2,34,36,63,6,4,34,23,244,washidu02
484,P.J. Washington,PF,24,CHO,68,68,2235,388,884,0.439,135,389,0.347,253,495,0.511,0.515,115,160,0.719,67,263,330,159,61,77,101,182,1026,washipj01
485,TyTy Washington Jr.,PG,21,HOU,30,2,412,55,155,0.355,17,78,0.218,38,77,0.494,0.41,10,16,0.625,2,40,42,47,13,2,14,27,137,washity02
486,Yuta Watanabe,SF,28,BRK,49,0,835,103,204,0.505,53,115,0.461,50,89,0.562,0.635,31,41,0.756,27,98,125,42,22,15,20,71,290,watanyu01
487,Lindy Waters III,SG,25,OKC,35,0,434,57,144,0.396,48,131,0.366,9,13,0.692,0.563,15,18,0.833,10,51,61,24,12,9,10,34,177,waterli01
488,Trendon Watford,PF,22,POR,54,4,1002,134,241,0.556,21,49,0.429,113,192,0.589,0.6,54,75,0.72,39,163,202,108,30,6,60,105,343,watfotr01
489,Peyton Watson,SG,20,DEN,14,0,44,10,19,0.526,2,4,0.5,8,15,0.533,0.579,0,2,0,3,5,8,1,0,1,2,2,22,watsope01
490,Blake Wesley,SG,19,SAS,27,1,451,50,147,0.34,16,39,0.41,34,108,0.315,0.395,19,32,0.594,9,44,53,58,17,4,44,52,135,weslebl01
491,Russell Westbrook,PG,34,TOT,64,15,1851,367,866,0.424,72,249,0.289,295,617,0.478,0.465,180,273,0.659,76,310,386,479,69,27,228,151,986,westbru01
491,Russell Westbrook,PG,34,LAL,52,3,1491,304,729,0.417,63,213,0.296,241,516,0.467,0.46,156,238,0.655,59,262,321,391,53,23,184,121,827,westbru01
491,Russell Westbrook,PG,34,LAC,12,12,360,63,137,0.46,9,36,0.25,54,101,0.535,0.493,24,35,0.686,17,48,65,88,16,4,44,30,159,westbru01
492,Coby White,SG,22,CHI,63,1,1425,201,475,0.423,105,289,0.363,96,186,0.516,0.534,53,62,0.855,12,155,167,145,47,6,56,103,560,whiteco01
493,Derrick White,SG,28,BOS,73,61,2057,306,662,0.462,128,339,0.378,178,323,0.551,0.559,146,167,0.874,48,206,254,289,49,66,79,166,886,whitede01
494,Jack White,SF,25,DEN,16,0,51,7,16,0.438,3,8,0.375,4,8,0.5,0.531,2,3,0.667,3,6,9,3,2,2,1,8,19,whiteja03
495,Joe Wieskamp,SF,23,TOR,5,0,30,3,8,0.375,3,7,0.429,0,1,0,0.563,0,0,,0,2,2,1,0,0,1,2,9,wieskjo01
496,Aaron Wiggins,SG,24,OKC,60,14,1107,152,305,0.498,38,101,0.376,114,204,0.559,0.561,49,60,0.817,61,124,185,73,32,12,47,92,391,wiggiaa01
497,Andrew Wiggins,SF,27,GSW,37,37,1190,250,529,0.473,89,225,0.396,161,304,0.53,0.557,44,72,0.611,61,125,186,85,45,28,48,107,633,wiggian01
498,Lindell Wigginton,PG,24,MIL,2,0,3,1,3,0.333,0,1,0,1,2,0.5,0.333,0,0,,0,0,0,0,0,0,0,0,2,wiggili01
499,Alondes Williams,SG,23,BRK,1,0,5,0,0,,0,0,,0,0,,,0,0,,0,1,1,0,0,0,2,1,0,willial06
500,Grant Williams,PF,24,BOS,70,22,1861,195,430,0.453,106,262,0.405,89,168,0.53,0.577,86,107,0.804,76,251,327,120,41,26,75,180,582,willigr01
501,Jalen Williams,SG,21,OKC,66,53,1973,351,677,0.518,63,181,0.348,288,496,0.581,0.565,131,166,0.789,72,227,299,213,90,34,106,167,896,willija06
502,Jaylin Williams,PF,20,OKC,40,27,708,84,190,0.442,37,86,0.43,47,104,0.452,0.539,31,43,0.721,32,157,189,56,19,11,27,92,236,willija07
503,Kenrich Williams,PF,28,OKC,53,10,1206,179,346,0.517,50,134,0.373,129,212,0.608,0.59,17,39,0.436,97,164,261,105,45,14,32,112,425,willike04
504,Mark Williams,C,21,CHO,37,12,655,125,195,0.641,0,0,,125,195,0.641,0.641,54,78,0.692,74,163,237,15,25,40,31,81,304,willima07
505,Patrick Williams,PF,21,CHI,71,60,2032,270,578,0.467,97,234,0.415,173,344,0.503,0.551,81,93,0.871,67,225,292,90,59,57,87,130,718,willipa01
506,Robert Williams,C,25,BOS,29,18,699,110,148,0.743,0,1,0,110,147,0.748,0.743,22,34,0.647,89,159,248,43,14,34,26,58,242,williro04
507,Vince Williams Jr.,SG,22,MEM,11,0,52,4,14,0.286,2,10,0.2,2,4,0.5,0.357,0,0,,2,5,7,3,4,1,1,6,10,willivi01
508,Ziaire Williams,SF,21,MEM,36,3,528,75,177,0.424,22,89,0.247,53,88,0.602,0.486,14,18,0.778,15,60,75,26,14,5,36,57,186,willizi02
509,Zion Williamson,PF,22,NOP,29,29,956,285,469,0.608,7,19,0.368,278,450,0.618,0.615,177,248,0.714,58,144,202,133,32,16,99,65,754,willizi01
510,Dylan Windler,SF,26,CLE,2,0,8,2,3,0.667,1,2,0.5,1,1,1,0.833,0,0,,0,0,0,1,1,0,1,0,5,windldy01
511,Justise Winslow,SF,26,POR,29,11,776,81,198,0.409,14,45,0.311,67,153,0.438,0.444,20,28,0.714,49,96,145,98,30,11,43,89,196,winslju01
512,James Wiseman,C,21,TOT,36,13,657,146,252,0.579,4,16,0.25,142,236,0.602,0.587,48,70,0.686,58,150,208,23,6,21,40,85,344,wisemja01
512,James Wiseman,C,21,DET,15,13,395,87,158,0.551,3,14,0.214,84,144,0.583,0.56,22,32,0.688,40,95,135,9,3,14,26,46,199,wisemja01
512,James Wiseman,C,21,GSW,21,0,262,59,94,0.628,1,2,0.5,58,92,0.63,0.633,26,38,0.684,18,55,73,14,3,7,14,39,145,wisemja01
513,Christian Wood,C,27,DAL,59,17,1579,364,706,0.516,95,256,0.371,269,450,0.598,0.583,194,250,0.776,81,375,456,107,27,63,112,159,1017,woodch01
514,Delon Wright,PG,30,WAS,43,9,1023,106,226,0.469,33,95,0.347,73,131,0.557,0.542,40,44,0.909,52,85,137,164,83,15,40,54,285,wrighde01
515,McKinley Wright IV,PG,24,DAL,24,1,278,34,72,0.472,7,21,0.333,27,51,0.529,0.521,11,16,0.688,8,32,40,48,8,4,16,21,86,wrighmc01
516,Thaddeus Young,PF,34,TOR,54,9,795,108,198,0.545,6,34,0.176,102,164,0.622,0.561,18,26,0.692,71,95,166,75,54,5,42,88,240,youngth01
517,Trae Young,PG,24,ATL,65,65,2262,552,1274,0.433,144,427,0.337,408,847,0.482,0.49,493,556,0.887,54,147,201,654,72,9,264,98,1741,youngtr01
518,Omer Yurtseven,C,24,MIA,5,0,34,4,8,0.5,0,1,0,4,7,0.571,0.5,1,2,0.5,4,4,8,0,1,1,1,6,9,yurtsom01
519,Cody Zeller,C,30,MIA,10,0,130,15,29,0.517,0,1,0,15,28,0.536,0.517,17,23,0.739,16,19,35,6,2,4,8,23,47,zelleco01
520,Ivica Zubac,C,25,LAC,67,67,1945,281,450,0.624,0,2,0,281,448,0.627,0.624,145,205,0.707,221,454,675,71,25,87,108,194,707,zubaciv01
,,,,,,,,,,,,,,,,,,,,,,,,,,,,,,